stock,name,arch,fusion_strategy,test_rmse,test_mae,test_mape,test_r2,test_dir_acc,best_val_loss,epochs_trained,n_features,n_train_windows,n_test_windows
ACI,Advanced Chemical Industries,MultimodalLSTMEarly,early,0.0133398798645831,0.010446861323104,136.28775739381342,-0.0144305657477952,48.76140808344198,0.0001491277612448,9,34,2916,767
BANKASIA,Bank Asia Ltd,MultimodalLSTMEarly,early,0.0165081570711791,0.012740807227575,106.930674642689,-0.0005930204013742,49.54367666232073,0.0002134553093108,13,34,2916,767
BATBC,British American Tobacco Bangladesh,MultimodalLSTMEarly,early,0.017551431297425,0.0136997279045616,151.8673295115603,-0.0254242783292997,49.934810951760106,0.0003852128536428,8,34,2916,767
BEXIMCO,Beximco Ltd,MultimodalLSTMEarly,early,0.0251280384991846,0.0201127043901661,109.80182265533044,-0.0009941220419573,53.71577574967405,0.0005312978314292,10,34,2916,767
BEXPHARMA,Beximco Pharmaceuticals,MultimodalLSTMEarly,early,0.0207752576821545,0.0167479738619757,107.47594854917035,-0.0085553960088271,47.06649282920469,0.0003752478642597,13,34,2916,767
BRACBANK,BRAC Bank Ltd,MultimodalLSTMEarly,early,0.0196518817335147,0.0155273043837263,107.72750441011026,-0.000627576263956,51.62972620599739,0.0003742164539343,11,34,2916,767
BSCCL,Bangladesh Submarine Cable,MultimodalLSTMEarly,early,0.0185339139893153,0.0144477667770278,112.21875432555392,-0.0084996341904937,50.97783572359843,0.0002864697089803,10,34,2916,767
CUSTOMERS,Customer Care Bangladesh,MultimodalLSTMEarly,early,0.0221651071992341,0.0172016717247138,155.098315846307,-0.0325621760098331,50.97783572359843,0.0003907715876387,11,34,2916,767
DBBL,Dutch-Bangla Bank,MultimodalLSTMEarly,early,0.0137599156751057,0.0106688703418884,116.8537311773212,-0.0248099947250941,46.544980443285525,0.0001653394959003,18,34,2916,767
DSEX,DSE Broad Index,MultimodalLSTMEarly,early,0.0105518097925968,0.0084938554022066,117.71045074101444,-0.0159311362168357,45.241199478487616,0.0001206405036519,22,34,2916,767
DUTCHBANGL,Dutch-Bangla Bank,MultimodalLSTMEarly,early,0.0122785473404933,0.0095765873073252,105.01386137363323,-0.0055012655605406,49.67405475880052,0.0001172966523975,11,34,2916,767
EBL,Eastern Bank Ltd,MultimodalLSTMEarly,early,0.0240936012990465,0.0189739624328997,100.0017928048692,-0.0001054926020145,49.02216427640156,0.0006378507391958,17,34,2916,767
GP,Grameenphone Ltd,MultimodalLSTMEarly,early,0.021252992496628,0.0168383475801582,117.17247676385584,-0.0032507911269386,49.15254237288136,0.000607456501386,10,34,2916,767
HEIDELBCEM,Heidelberg Cement,MultimodalLSTMEarly,early,0.0192482950643675,0.0152771480529493,113.6876843458348,-0.0079068645868267,48.37027379400261,0.0003379317895316,20,34,2916,767
ISLAMI BANK,Islami Bank Bangladesh,MultimodalLSTMEarly,early,0.0290512355471003,0.0236246281856248,100.37086591469102,-0.000868442745165,50.717079530638856,0.0007362343221421,16,34,2916,767
JAMUNAOIL,Jamuna Oil Company,MultimodalLSTMEarly,early,0.0145718176325491,0.0113520355920665,116.89283005552026,-0.0015539238590995,51.62972620599739,0.000196088195329,19,34,2916,767
LAFARGECEM,LafargeHolcim Bangladesh,MultimodalLSTMEarly,early,0.0183438678275362,0.0145509556518163,111.70384623948271,-6.589570562298697e-05,52.02086049543677,0.0003625305316443,21,34,2916,767
MARICO,Marico Bangladesh,MultimodalLSTMEarly,early,0.0267097995191201,0.0210158551793727,141.29110092423142,-0.0202214708905335,48.5006518904824,0.0008629555904179,14,34,2916,767
MUTUALTRUST,Mutual Trust Bank,MultimodalLSTMEarly,early,0.0174385350254506,0.0136184578886411,100.21089845616338,-0.0001946104162675,51.10821382007823,0.0002525329863269,30,34,2916,767
NCCBANK,NCC Bank,MultimodalLSTMEarly,early,0.0186870042845679,0.0144670617400954,104.64223426785134,0.0010496900271592,49.80443285528031,0.0002381936113248,9,34,2916,767
POWERGRID,Power Grid Company,MultimodalLSTMEarly,early,0.0279114053629742,0.021632259839052,118.6512451668318,-0.0059621065356909,48.89178617992177,0.0009395554425483,17,34,2916,767
PRIMEBANK,Prime Bank,MultimodalLSTMEarly,early,0.0126104634143597,0.0095561859908399,114.29983572872462,-0.0042026798498795,50.45632333767927,0.0001063639166738,15,34,2916,767
RENATA,Renata Ltd,MultimodalLSTMEarly,early,0.017716961049599,0.0141571735752639,111.50174561169348,-0.0041257837828116,46.28422425032595,0.0002792112484601,11,34,2916,767
ROBI,Robi Axiata,MultimodalLSTMEarly,early,0.028524413404604,0.0225378451626423,119.5257410688568,-0.0084970226047775,51.23859191655802,0.0009232748366851,9,34,2916,767
SIBL,Social Islami Bank,MultimodalLSTMEarly,early,0.0226635568267163,0.0178794707224457,119.222666835994,-0.0019934364575804,52.9335071707953,0.0005945847058287,11,34,2916,767
SQURPHARMA,Square Pharmaceuticals,MultimodalLSTMEarly,early,0.0154460834311785,0.0122991393041266,115.5955032672034,0.0017922265928665,51.10821382007823,0.000187605549141,15,34,2916,767
SUMITPOWER,Summit Power,MultimodalLSTMEarly,early,0.030003982635538,0.0236007809166409,116.64178621501048,-0.0216607779297612,49.934810951760106,0.0010062418182163,14,34,2916,767
TITASGAS,Titas Gas,MultimodalLSTMEarly,early,0.0164936856221424,0.0132383225903921,109.73893107167922,-0.0052458326276192,46.9361147327249,0.0002492103451601,15,34,2916,767
UNILEVER,Unilever Bangladesh,MultimodalLSTMEarly,early,0.0232031792451927,0.0180056349666928,108.89035469581088,-0.004280798358194,50.19556714471969,0.0007017610233356,14,34,2916,767
WALTONHIL,Walton Hi-Tech Industries,MultimodalLSTMEarly,early,0.018515757916669,0.0148929199374767,140.8437575092589,-0.0149521327630455,49.28292046936114,0.0002951017488352,17,34,2916,767
ACI,Advanced Chemical Industries,MultimodalLSTMLate,late,0.0134643948277949,0.0105279523696627,163.98918407893945,-0.0334564168716875,49.934810951760106,0.0001492055862836,18,34,2916,767
BANKASIA,Bank Asia Ltd,MultimodalLSTMLate,late,0.0168329397549133,0.0129360395151112,158.04554058149375,-0.040351798900543,51.76010430247718,0.0002091278372945,14,34,2916,767
BATBC,British American Tobacco Bangladesh,MultimodalLSTMLate,late,0.0173815331708719,0.0135973439110314,113.24118481120468,-0.005668117588746,50.19556714471969,0.000383666597201,23,34,2916,767
BEXIMCO,Beximco Ltd,MultimodalLSTMLate,late,0.0252892656947787,0.0203151303562835,119.52716534586584,-0.0138805416830849,48.76140808344198,0.0005294417880167,13,34,2916,767
BEXPHARMA,Beximco Pharmaceuticals,MultimodalLSTMLate,late,0.0210873446209384,0.0168530104270127,131.88134358512713,-0.039084125738144,52.15123859191656,0.0004058986539459,8,34,2916,767
BRACBANK,BRAC Bank Ltd,MultimodalLSTMLate,late,0.0198005357554267,0.0156755719739595,119.63239625144382,-0.0158230578181171,47.71838331160365,0.0003723332526744,16,34,2916,767
BSCCL,Bangladesh Submarine Cable,MultimodalLSTMLate,late,0.0188720033300715,0.0147132084015493,130.08659599672018,-0.0456286336954856,49.15254237288136,0.0002860168428538,20,34,2916,767
CUSTOMERS,Customer Care Bangladesh,MultimodalLSTMLate,late,0.0232600062648548,0.0176445442468375,186.68467034648904,-0.1370935469068959,52.411994784876136,0.0003990743238808,9,34,2916,767
DBBL,Dutch-Bangla Bank,MultimodalLSTMLate,late,0.0139901263482342,0.010854970249986,155.93000997945776,-0.0593880773190789,47.84876140808344,0.0001663286826355,14,34,2916,767
DSEX,DSE Broad Index,MultimodalLSTMLate,late,0.0105688400780722,0.0085275984753307,122.01725604702789,-0.0192131437070013,49.80443285528031,0.0001203159916734,12,34,2916,767
DUTCHBANGL,Dutch-Bangla Bank,MultimodalLSTMLate,late,0.012282083957115,0.0096085542467397,117.6624376653512,-0.0060805824002312,49.15254237288136,0.000116739592249,15,34,2916,767
EBL,Eastern Bank Ltd,MultimodalLSTMLate,late,0.0244203913171835,0.0192610312995744,108.97660277116586,-0.027419044108973,47.58800521512386,0.0006363568937051,13,34,2916,767
GP,Grameenphone Ltd,MultimodalLSTMLate,late,0.0210824699768742,0.016655793285887,119.85413517554356,0.0127837074307729,54.758800521512384,0.0006048077576951,9,34,2916,767
HEIDELBCEM,Heidelberg Cement,MultimodalLSTMLate,late,0.0192240504762048,0.0152494564811223,111.34069195374975,-0.0053694037736604,48.37027379400261,0.0003381395694023,18,34,2916,767
ISLAMI BANK,Islami Bank Bangladesh,MultimodalLSTMLate,late,0.0291636633715966,0.0236200697720354,102.69906956194664,-0.0086301227828422,50.32594524119948,0.0007424846055704,11,34,2916,767
JAMUNAOIL,Jamuna Oil Company,MultimodalLSTMLate,late,0.014762541233282,0.0115940957813657,174.68089373799992,-0.0279432268787629,46.80573663624511,0.000196238855979,16,34,2916,767
LAFARGECEM,LafargeHolcim Bangladesh,MultimodalLSTMLate,late,0.0191254829966214,0.015148850887274,168.03810305389203,-0.0871053060561595,47.97913950456324,0.0003603389817444,9,34,2916,767
MARICO,Marico Bangladesh,MultimodalLSTMLate,late,0.0266716291063883,0.0207828647613908,138.99254326394285,-0.0173076003614038,51.62972620599739,0.000854809295319,16,34,2916,767
MUTUALTRUST,Mutual Trust Bank,MultimodalLSTMLate,late,0.0175389548265222,0.0137218099093054,108.56425317611271,-0.0117470181886172,49.15254237288136,0.0002522395262829,17,34,2916,767
NCCBANK,NCC Bank,MultimodalLSTMLate,late,0.0186839186761872,0.0144728271578349,109.90198592643648,0.0013795572354201,49.15254237288136,0.0002379056076584,25,34,2916,767
POWERGRID,Power Grid Company,MultimodalLSTMLate,late,0.0287904201377877,0.0228265492584916,258.1125616581476,-0.0703214239535583,50.84745762711864,0.0009400565456427,10,34,2916,767
PRIMEBANK,Prime Bank,MultimodalLSTMLate,late,0.0126510139175882,0.0096577432861553,134.84026022205197,-0.0106713391294521,48.23989569752282,0.000106620733975,10,34,2916,767
RENATA,Renata Ltd,MultimodalLSTMLate,late,0.0187294824370363,0.0151373392610678,202.18034472192983,-0.1221766067980429,46.023468057366365,0.0002775633830286,13,34,2916,767
ROBI,Robi Axiata,MultimodalLSTMLate,late,0.0287937861206193,0.0227048326980136,136.6193174872085,-0.0276346159210982,51.499348109517605,0.0009100361442798,16,34,2916,767
SIBL,Social Islami Bank,MultimodalLSTMLate,late,0.022624076323882,0.0178651929711817,110.4178002057479,0.0014945198619585,52.80312907431552,0.0005946572589932,16,34,2916,767
SQURPHARMA,Square Pharmaceuticals,MultimodalLSTMLate,late,0.0154754407901579,0.0123005242983535,174.8082186698285,-0.002005835598656,52.672750977835726,0.0001859246953231,24,34,2916,767
SUMITPOWER,Summit Power,MultimodalLSTMLate,late,0.0301191729592322,0.0236481695868021,120.2918975878043,-0.0295204907028823,48.5006518904824,0.0010068795001099,12,34,2916,767
TITASGAS,Titas Gas,MultimodalLSTMLate,late,0.0164984411304534,0.0132545015011336,112.00783709707274,-0.0058255871080414,47.327249022164274,0.0002485731487957,25,34,2916,767
UNILEVER,Unilever Bangladesh,MultimodalLSTMLate,late,0.0232056429472843,0.0180297746935045,125.78470414571356,-0.0044940777570672,51.62972620599739,0.0006965812215344,24,34,2916,767
WALTONHIL,Walton Hi-Tech Industries,MultimodalLSTMLate,late,0.0198959201409706,0.0158752925282868,297.7692650236695,-0.1719002062405266,48.5006518904824,0.0002928619952597,11,34,2916,767
ACI,Advanced Chemical Industries,MultimodalLSTMAttention,attention,0.05877998602684026,0.05554140996952906,3171.7478626212296,-18.681836097596438,48.76140808344198,0.00014682538755628113,9,34,2917,767
BANKASIA,Bank Asia Ltd,MultimodalLSTMAttention,attention,0.0260655077749616,0.02133223202762336,687.871184871999,-1.47369896791592,49.67405475880052,0.0002053774630382822,11,34,2917,767
BATBC,British American Tobacco Bangladesh,MultimodalLSTMAttention,attention,0.055109617177471974,0.05137994782356085,1882.3972505309396,-9.097831608527722,49.80443285528031,0.00038361825863830745,8,34,2917,767
BEXIMCO,Beximco Ltd,MultimodalLSTMAttention,attention,0.05227746855568247,0.045291221367773984,746.0318726339065,-3.3365028123092726,46.544980443285525,0.0005279557108861906,12,34,2917,767
BEXPHARMA,Beximco Pharmaceuticals,MultimodalLSTMAttention,attention,0.027738932097350368,0.022416994745610205,346.9217449431445,-0.7970087368139094,53.45501955671447,0.00037298932604103375,8,34,2917,767
BRACBANK,BRAC Bank Ltd,MultimodalLSTMAttention,attention,0.022897200165019185,0.018427188180253757,290.0144521772994,-0.3591295041488358,48.37027379400261,0.00037209961388940576,18,34,2917,767
BSCCL,Bangladesh Submarine Cable,MultimodalLSTMAttention,attention,0.019283007310275126,0.015275420590690954,173.09942690089918,-0.0846913961924185,47.06649282920469,0.0002877566284917611,24,34,2917,767
CUSTOMERS,Customer Care Bangladesh,MultimodalLSTMAttention,attention,0.052785270370367794,0.04728355843960582,1650.5324563322567,-4.873548587723984,48.63102998696219,0.00039272824546315356,13,34,2917,767
DBBL,Dutch-Bangla Bank,MultimodalLSTMAttention,attention,0.07172029693185082,0.06822182345751032,2426.973696445982,-26.890492513731907,46.544980443285525,0.0001631441165914766,9,34,2917,767
DSEX,DSE Broad Index,MultimodalLSTMAttention,attention,0.017796714528057405,0.014881117464296635,818.3861137193468,-1.915434322758391,54.367666232073006,0.00012050036202305997,33,34,2917,767
DUTCHBANGL,Dutch-Bangla Bank,MultimodalLSTMAttention,attention,0.01764970421818385,0.01430276152885583,479.1557310764638,-1.078168789453081,50.32594524119948,0.00011721603701563854,15,34,2917,767
EBL,Eastern Bank Ltd,MultimodalLSTMAttention,attention,0.03744358146872083,0.031128763343539027,377.88182414531315,-1.416277445526895,49.152542372881356,0.0006344446620725206,14,34,2917,767
GP,Grameenphone Ltd,MultimodalLSTMAttention,attention,0.03984695642881329,0.033140841125780765,693.9011805016298,-2.5320310453259696,51.10821382007823,0.0005954500512010332,10,34,2917,767
HEIDELBCEM,Heidelberg Cement,MultimodalLSTMAttention,attention,0.02149329969682009,0.017219268735341478,275.2380192602978,-0.25186427377720344,51.76010430247718,0.00034024642350416755,22,34,2917,767
ISLAMI BANK,Islami Bank Bangladesh,MultimodalLSTMAttention,attention,0.031148964845374043,0.025272404376904308,132.4338202303177,-0.15067400142319176,50.0651890482399,0.0007450279130641632,12,34,2917,767
JAMUNAOIL,Jamuna Oil Company,MultimodalLSTMAttention,attention,0.016894310605214423,0.013432991001731188,437.93477217229304,-0.33694487904746206,51.499348109517605,0.00019823933692307064,23,34,2917,767
LAFARGECEM,LafargeHolcim Bangladesh,MultimodalLSTMAttention,attention,0.03220891944315397,0.02742465118644,774.5858211331769,-2.051926284539246,52.15123859191656,0.0003532642736812758,13,34,2917,767
MARICO,Marico Bangladesh,MultimodalLSTMAttention,attention,0.02711932199494431,0.021440175118760663,265.26756900340547,-0.055657102253832136,50.456323337679265,0.0008547805875584456,19,34,2917,767
