stock,lag,n,pearson_r,p_value,target
ACI,0,44,-0.22169393857798012,0.1480977152285885,return_t
ACI,1,44,-0.1933599540157486,0.20854047071213452,return_t+1
ACI,2,44,-0.17208163444906355,0.2640128182822464,return_t+2
ACI,5,44,0.0083749014509412,0.9569714679111412,return_t+5
ACI,10,44,-0.11236610137422645,0.46771640396246106,return_t+10
BANKASIA,0,46,0.13946203345539998,0.3552912283207005,return_t
BANKASIA,1,46,0.11356659671047176,0.45236096973528833,return_t+1
BANKASIA,2,46,0.10968709277898517,0.46805061031819895,return_t+2
BANKASIA,5,46,0.09772540833827151,0.518205180880668,return_t+5
BANKASIA,10,46,0.2788461307356426,0.0605741995002435,return_t+10
BATBC,0,47,-0.16762385744125774,0.2600733965880537,return_t
BATBC,1,47,0.08241219634777751,0.581829774313972,return_t+1
BATBC,2,47,0.14071559705905495,0.34546307829519984,return_t+2
BATBC,5,47,-0.05052658025519385,0.7359052375608994,return_t+5
BATBC,10,47,-0.13636112854815827,0.3607427344631836,return_t+10
BEXIMCO,0,44,-0.021441919339522917,0.8901212169341637,return_t
BEXIMCO,1,44,-0.07493892379983853,0.6287698671002979,return_t+1
BEXIMCO,2,44,-0.0914834261808885,0.5547862098577154,return_t+2
BEXIMCO,5,44,0.0674809063643514,0.6633967755585267,return_t+5
BEXIMCO,10,44,0.0010400220066813066,0.9946541193102331,return_t+10
BEXPHARMA,0,42,0.02229508713802395,0.8885450192049008,return_t
BEXPHARMA,1,42,0.32817426891134444,0.0338558883349329,return_t+1
BEXPHARMA,2,42,-0.004639411014873741,0.9767373252569432,return_t+2
BEXPHARMA,5,42,0.18725232855042356,0.23505039688185486,return_t+5
BEXPHARMA,10,42,0.043621827097194255,0.7838535103441663,return_t+10
BRACBANK,0,45,-0.15844902922750992,0.2985335405871178,return_t
BRACBANK,1,45,-0.025345637358747775,0.8687348909538726,return_t+1
BRACBANK,2,45,-0.053900497404937665,0.7250958582945646,return_t+2
BRACBANK,5,45,0.09398237684574323,0.5391667693478926,return_t+5
BRACBANK,10,45,0.04366328376748621,0.7758006575380391,return_t+10
BSCCL,0,48,-0.24382073030207277,0.09491516430071666,return_t
BSCCL,1,48,0.16489375389299848,0.2627175203162777,return_t+1
BSCCL,2,48,0.01767450277453035,0.905089996685688,return_t+2
BSCCL,5,48,-0.17481690737767777,0.2346683975424258,return_t+5
BSCCL,10,48,-0.05489944145403096,0.7109294026257028,return_t+10
CUSTOMERS,0,45,0.14479072984842858,0.34263744528665296,return_t
CUSTOMERS,1,45,0.03948632180123675,0.7967705442001551,return_t+1
CUSTOMERS,2,45,0.15436204074293144,0.3113288941287099,return_t+2
CUSTOMERS,5,45,0.4286569738903165,0.0033046889331238834,return_t+5
CUSTOMERS,10,45,0.251758651254359,0.09525290648391335,return_t+10
DBBL,0,48,-0.0864297326755363,0.559144121338966,return_t
DBBL,1,48,-0.09586792694104147,0.5168684815139224,return_t+1
DBBL,2,48,-0.03103792241417098,0.8341210881224118,return_t+2
DBBL,5,47,0.017179213809792693,0.9087528751207073,return_t+5
DBBL,10,47,-0.012137166537360976,0.9354653799478289,return_t+10
DSEX,0,98,0.028973105128169547,0.7770246742073225,return_t
DSEX,1,98,-0.11518878168453013,0.25871053428030166,return_t+1
DSEX,2,98,-0.04306267606252743,0.673737207378612,return_t+2
DSEX,5,98,0.016728706878476975,0.8701307925881258,return_t+5
DSEX,10,98,0.0388176456367437,0.7043257401725489,return_t+10
DUTCHBANGL,0,42,0.010554625879278261,0.9471076930432606,return_t
DUTCHBANGL,1,42,0.027501318363843362,0.8627435581364806,return_t+1
DUTCHBANGL,2,42,-0.2208836737296255,0.1598069031936141,return_t+2
DUTCHBANGL,5,42,0.17917261847808783,0.2562305107139186,return_t+5
DUTCHBANGL,10,42,-0.045006328259820094,0.7771650185419812,return_t+10
EBL,0,47,0.007299246108162433,0.9611629734909203,return_t
EBL,1,47,-0.022150871872402052,0.8825104170500472,return_t+1
EBL,2,47,0.06282975972123372,0.6748103423123278,return_t+2
EBL,5,47,-0.18672598305788282,0.2088456968789901,return_t+5
EBL,10,47,0.12385099239882377,0.40686894987218813,return_t+10
GP,0,47,-0.10970583858214186,0.46290426387793704,return_t
GP,1,47,0.06790059762166518,0.6501943853074444,return_t+1
GP,2,47,-0.05184651910797063,0.729264904405429,return_t+2
GP,5,47,0.20834811345123874,0.1599091453103473,return_t+5
GP,10,47,-0.3307468743262542,0.02316186770733638,return_t+10
HEIDELBCEM,0,48,0.0719191809007563,0.6271328834982856,return_t
HEIDELBCEM,1,48,-0.16011676545482803,0.2769870605083589,return_t+1
HEIDELBCEM,2,48,-0.047764385054940364,0.7471629788075776,return_t+2
HEIDELBCEM,5,48,0.13900920193014138,0.3460477716333304,return_t+5
HEIDELBCEM,10,48,0.01699205836171118,0.9087388363438812,return_t+10
ISLAMI BANK,0,46,0.15607787905019185,0.3002935927042654,return_t
ISLAMI BANK,1,46,0.023257315998137167,0.8780683449452227,return_t+1
ISLAMI BANK,2,46,0.23148811483727444,0.12163902031607363,return_t+2
ISLAMI BANK,5,46,-0.049996507755385236,0.7414247078427686,return_t+5
ISLAMI BANK,10,46,0.22049263436892283,0.14088884084713094,return_t+10
JAMUNAOIL,0,46,-0.07932447473475748,0.6002607633429363,return_t
JAMUNAOIL,1,46,0.007561832360371076,0.9602211461991453,return_t+1
JAMUNAOIL,2,46,-0.21562552033545596,0.15009710120246328,return_t+2
JAMUNAOIL,5,46,-0.15299778660016725,0.31005049413957153,return_t+5
JAMUNAOIL,10,46,0.09296220336911831,0.5388971422049975,return_t+10
LAFARGECEM,0,44,0.09251685158663356,0.5503046625441386,return_t
LAFARGECEM,1,44,0.01704228863206427,0.9125685964870714,return_t+1
LAFARGECEM,2,44,0.07254249083577079,0.6398152751500334,return_t+2
LAFARGECEM,5,44,-0.14135279554438043,0.36006425743723336,return_t+5
LAFARGECEM,10,44,-0.07177345763452551,0.6433763491808425,return_t+10
MARICO,0,44,0.004404263903272287,0.9773641379007655,return_t
MARICO,1,44,-0.10009408570651081,0.5179804287147616,return_t+1
MARICO,2,44,-0.041822578738738,0.7875056574378114,return_t+2
MARICO,5,44,0.10268899066853368,0.5071325922849045,return_t+5
MARICO,10,44,-0.21623182685227493,0.1586077527179936,return_t+10
MUTUALTRUST,0,47,-0.0719309504669651,0.6308875146629113,return_t
MUTUALTRUST,1,47,-0.0608685807858777,0.6844234030790016,return_t+1
MUTUALTRUST,2,47,-0.020479368831804623,0.8913208159461841,return_t+2
MUTUALTRUST,5,47,0.05230498775277305,0.7269630009456428,return_t+5
MUTUALTRUST,10,47,-0.04756400295367612,0.7508782725194101,return_t+10
NCCBANK,0,45,0.22418845489583766,0.1387397661424124,return_t
NCCBANK,1,45,0.20367486567454862,0.179608739271075,return_t+1
NCCBANK,2,45,0.17752060834448452,0.24336060773540372,return_t+2
NCCBANK,5,45,0.02990837286184349,0.8453700948279267,return_t+5
NCCBANK,10,45,-0.06786814640820527,0.6577850696580568,return_t+10
POWERGRID,0,47,-0.2164755570264828,0.14387487637205734,return_t
POWERGRID,1,47,0.12303587759296676,0.4099876401428982,return_t+1
POWERGRID,2,47,-0.006632806011731636,0.9647065468952247,return_t+2
POWERGRID,5,47,0.0028005868451594575,0.9850940931489384,return_t+5
POWERGRID,10,47,0.017536841902033144,0.9068616138683381,return_t+10
PRIMEBANK,0,47,-0.04738466062524547,0.7517876584039547,return_t
PRIMEBANK,1,47,-0.19594596482631804,0.18683401150567805,return_t+1
PRIMEBANK,2,47,-0.012787167238677571,0.9320171436770918,return_t+2
PRIMEBANK,5,47,-0.12711430839620064,0.3945209804591171,return_t+5
PRIMEBANK,10,46,0.20410244732741673,0.17365100102104591,return_t+10
RENATA,0,48,-0.007099692460439781,0.9618022403399109,return_t
RENATA,1,48,0.2855170945381559,0.04916722543557062,return_t+1
RENATA,2,48,-0.13835646100798799,0.3483394250302545,return_t+2
RENATA,5,48,0.1438678458651868,0.32928300450549847,return_t+5
RENATA,10,48,0.24615472416304982,0.09169642258603089,return_t+10
ROBI,0,46,0.11949644002775851,0.42894387176425713,return_t
ROBI,1,46,0.10318071975866518,0.4950041410713053,return_t+1
ROBI,2,46,0.21306290693807378,0.1551198737523303,return_t+2
ROBI,5,46,0.2089990766706498,0.16333596344290569,return_t+5
ROBI,10,46,-0.08479579573530478,0.5752772952321339,return_t+10
SIBL,0,45,0.022737516478665443,0.8821416841089122,return_t
SIBL,1,45,-0.25282883857913346,0.09380722051481306,return_t+1
SIBL,2,45,-0.07337354644057137,0.6319382564602908,return_t+2
SIBL,5,45,-0.08490354585858292,0.5792189451946964,return_t+5
SIBL,10,45,-0.08790168496811154,0.565844295774426,return_t+10
SQURPHARMA,0,42,-0.02597371462919679,0.8703008120509244,return_t
SQURPHARMA,1,42,0.11454150973746983,0.4701135715148801,return_t+1
SQURPHARMA,2,42,0.03755081179870804,0.8133581154810002,return_t+2
SQURPHARMA,5,42,0.1908646704177672,0.22597824803767952,return_t+5
SQURPHARMA,10,42,0.17279440904323207,0.27382451399771746,return_t+10
SUMITPOWER,0,42,-0.002566544625378471,0.9871297583524846,return_t
SUMITPOWER,1,42,0.06978432468633547,0.6605588138890822,return_t+1
SUMITPOWER,2,42,-0.2411898288874875,0.1238694545044557,return_t+2
SUMITPOWER,5,42,-0.18728498491590664,0.23496728787974278,return_t+5
SUMITPOWER,10,42,-0.022674731447889254,0.8866593740327878,return_t+10
TITASGAS,0,45,-0.015837092231943677,0.917760376187185,return_t
TITASGAS,1,45,0.12243131983528385,0.4230137297305622,return_t+1
TITASGAS,2,45,0.17357445034021737,0.2541661390598374,return_t+2
TITASGAS,5,45,0.0014260680457527227,0.9925820523822766,return_t+5
TITASGAS,10,44,-0.291657141736616,0.054739944880586734,return_t+10
UNILEVER,0,42,0.08523510705769755,0.5914785178026711,return_t
UNILEVER,1,42,-0.2338592778598361,0.13606642029374594,return_t+1
UNILEVER,2,42,-0.15483591954379541,0.3275355789773779,return_t+2
UNILEVER,5,42,-0.42887366421181333,0.0045981724153929485,return_t+5
UNILEVER,10,42,-0.24534971812903617,0.1173234479304181,return_t+10
WALTONHIL,0,43,0.012464548255953686,0.9367701381140074,return_t
WALTONHIL,1,43,0.03141652699289893,0.8414879074353823,return_t+1
WALTONHIL,2,43,-0.06641885722080137,0.6721702237418405,return_t+2
WALTONHIL,5,43,0.1515763531103618,0.3319043220191444,return_t+5
WALTONHIL,10,43,0.03570662226968941,0.8201773799698515,return_t+10
