stock,name,LinearRegression,RandomForest,XGBoost,best_model,best_rmse
ACI,Advanced Chemical Industries,"{'RMSE': np.float64(21.60767125546331), 'MAE': 16.940188860719523, 'MAPE': np.float64(2.4706139748307856), 'R²': 0.9612824408924686}","{'RMSE': np.float64(58.99542567499244), 'MAE': 36.64303732294812, 'MAPE': np.float64(4.697775600678097), 'R²': 0.7113784726013943}","{'RMSE': np.float64(64.81322437260724), 'MAE': 41.74071305003967, 'MAPE': np.float64(5.3698852784427755), 'R²': 0.6516472064381164}",LinearRegression,21.60767125546331
BANKASIA,Bank Asia Ltd,"{'RMSE': np.float64(6.24375094207191), 'MAE': 4.913756272059549, 'MAPE': np.float64(2.8860540508224743), 'R²': 0.955752744235681}","{'RMSE': np.float64(5.045443840565932), 'MAE': 3.742915241590396, 'MAPE': np.float64(2.1125742914462977), 'R²': 0.9711069125815395}","{'RMSE': np.float64(6.561506568546843), 'MAE': 4.77585610220193, 'MAPE': np.float64(2.7081163082514657), 'R²': 0.9511345014095074}",RandomForest,5.045443840565932
BATBC,British American Tobacco Bangladesh,"{'RMSE': np.float64(15.802995995271527), 'MAE': 12.621535652386653, 'MAPE': np.float64(3.3244884206890903), 'R²': 0.9267602440927668}","{'RMSE': np.float64(6.847501012692334), 'MAE': 5.324207147613248, 'MAPE': np.float64(1.4253668993018138), 'R²': 0.9862490647072029}","{'RMSE': np.float64(7.293569381954234), 'MAE': 5.658763634383029, 'MAPE': np.float64(1.5045075347060235), 'R²': 0.9843991498480276}",RandomForest,6.847501012692334
BEXIMCO,Beximco Ltd,"{'RMSE': np.float64(2.350335844144102), 'MAE': 1.8475539611974208, 'MAPE': np.float64(2.9833599833597813), 'R²': 0.9507349368577334}","{'RMSE': np.float64(3.4712202719220184), 'MAE': 2.296823175156427, 'MAPE': np.float64(3.3949582126194513), 'R²': 0.8925408149197085}","{'RMSE': np.float64(4.546338786872078), 'MAE': 3.138344121930677, 'MAPE': np.float64(4.61018912888453), 'R²': 0.8156671290557588}",LinearRegression,2.350335844144102
BEXPHARMA,Beximco Pharmaceuticals,"{'RMSE': np.float64(7.829534464428497), 'MAE': 6.157637615878077, 'MAPE': np.float64(5.013218482311385), 'R²': 0.9229479954365052}","{'RMSE': np.float64(3.068828449747312), 'MAE': 2.458788944317744, 'MAPE': np.float64(2.1541372677509956), 'R²': 0.9881625737923474}","{'RMSE': np.float64(3.314091675360207), 'MAE': 2.6185863176597217, 'MAPE': np.float64(2.3169038305520075), 'R²': 0.9861948510422675}",RandomForest,3.068828449747312
BRACBANK,BRAC Bank Ltd,"{'RMSE': np.float64(6.622291706896269), 'MAE': 5.269764566247906, 'MAPE': np.float64(4.266962328556434), 'R²': 0.9466413346522689}","{'RMSE': np.float64(2.8152727729577607), 'MAE': 2.128700156489038, 'MAPE': np.float64(1.6952455611652224), 'R²': 0.9903566194769432}","{'RMSE': np.float64(3.24683000607905), 'MAE': 2.3846962379169585, 'MAPE': np.float64(1.8622740848037798), 'R²': 0.9871735212621223}",RandomForest,2.8152727729577607
BSCCL,Bangladesh Submarine Cable,"{'RMSE': np.float64(4.622734121527807), 'MAE': 3.7675777485979354, 'MAPE': np.float64(3.6028970329228716), 'R²': 0.9663471599071053}","{'RMSE': np.float64(3.3153150459767544), 'MAE': 2.284264705183876, 'MAPE': np.float64(2.383266907798015), 'R²': 0.9826909393352327}","{'RMSE': np.float64(4.321966436153174), 'MAE': 2.83469147429645, 'MAPE': np.float64(3.059629090667401), 'R²': 0.970583793160678}",RandomForest,3.3153150459767544
CUSTOMERS,Customer Care Bangladesh,"{'RMSE': np.float64(14.848741793569184), 'MAE': 11.990607237397038, 'MAPE': np.float64(4.39852625337588), 'R²': 0.9073142813342016}","{'RMSE': np.float64(6.242572223217273), 'MAE': 4.819911260912579, 'MAPE': np.float64(1.7346034479357775), 'R²': 0.9836182361053565}","{'RMSE': np.float64(6.880509541937065), 'MAE': 5.308659962443085, 'MAPE': np.float64(1.9042322580401168), 'R²': 0.9800990085089843}",RandomForest,6.242572223217273
DBBL,Dutch-Bangla Bank,"{'RMSE': np.float64(18.198758261765636), 'MAE': 15.128356243757125, 'MAPE': np.float64(4.476502971959687), 'R²': 0.971577042497077}","{'RMSE': np.float64(16.20627047938372), 'MAE': 11.578646829642926, 'MAPE': np.float64(3.9292452302041028), 'R²': 0.9774601034137785}","{'RMSE': np.float64(12.950976645836498), 'MAE': 8.234455398135204, 'MAPE': np.float64(2.7444912774686605), 'R²': 0.9856056919148743}",XGBoost,12.950976645836498
DSEX,DSE Broad Index,"{'RMSE': np.float64(6.774663143299244), 'MAE': 5.365745554202693, 'MAPE': np.float64(2.040579259337935), 'R²': 0.9669286469870713}","{'RMSE': np.float64(3.6084653131384132), 'MAE': 2.821484434818908, 'MAPE': np.float64(1.1306856029951637), 'R²': 0.9906174341379016}","{'RMSE': np.float64(3.873069819454113), 'MAE': 2.9951816441675496, 'MAPE': np.float64(1.212528371367334), 'R²': 0.9891909580117365}",RandomForest,3.6084653131384132
DUTCHBANGL,Dutch-Bangla Bank,"{'RMSE': np.float64(27.589567097203236), 'MAE': 21.209673204336394, 'MAPE': np.float64(2.176327660818884), 'R²': 0.9427620715455529}","{'RMSE': np.float64(139.56627966628795), 'MAE': 111.05964994114217, 'MAPE': np.float64(10.399699359741273), 'R²': -0.4647217788968465}","{'RMSE': np.float64(143.16963971162534), 'MAE': 114.05997031344468, 'MAPE': np.float64(10.683795751370177), 'R²': -0.5413313056718725}",LinearRegression,27.589567097203236
EBL,Eastern Bank Ltd,"{'RMSE': np.float64(4.617835076922765), 'MAE': 3.6633156550115276, 'MAPE': np.float64(25.924900242226823), 'R²': 0.7003219759163795}","{'RMSE': np.float64(34.74466507478375), 'MAE': 33.73310417234918, 'MAPE': np.float64(260.86051714482596), 'R²': -15.965017779869878}","{'RMSE': np.float64(35.986720893033784), 'MAE': 35.009088910251606, 'MAPE': np.float64(269.9017718256907), 'R²': -17.199632189802912}",LinearRegression,4.617835076922765
GP,Grameenphone Ltd,"{'RMSE': np.float64(10.54065288571317), 'MAE': 8.676320464351896, 'MAPE': np.float64(3.757388389931804), 'R²': 0.9257608042533266}","{'RMSE': np.float64(5.311914288201332), 'MAE': 4.175228761259234, 'MAPE': np.float64(1.7927792326286072), 'R²': 0.9811461367711456}","{'RMSE': np.float64(5.704646876121416), 'MAE': 4.528962068753779, 'MAPE': np.float64(1.9588669185560768), 'R²': 0.9782551824861581}",RandomForest,5.311914288201332
HEIDELBCEM,Heidelberg Cement,"{'RMSE': np.float64(6.503921535691426), 'MAE': 5.2896067189426565, 'MAPE': np.float64(3.7849249756308616), 'R²': 0.8941479161418664}","{'RMSE': np.float64(3.175789506779004), 'MAE': 2.4414035453100373, 'MAPE': np.float64(1.7048159772332432), 'R²': 0.9747621564070799}","{'RMSE': np.float64(3.187089484853906), 'MAE': 2.4802613293648923, 'MAPE': np.float64(1.7411978891140905), 'R²': 0.9745822361385825}",RandomForest,3.175789506779004
ISLAMI BANK,Islami Bank Bangladesh,"{'RMSE': np.float64(0.4974985937395824), 'MAE': 0.39819246358223487, 'MAPE': np.float64(10.971863591435085), 'R²': 0.7855330742556998}","{'RMSE': np.float64(0.12760359700808246), 'MAE': 0.09930053116263443, 'MAPE': np.float64(2.563946391883928), 'R²': 0.985890798196167}","{'RMSE': np.float64(0.12554075168522794), 'MAE': 0.09852674624940072, 'MAPE': np.float64(2.5493400570160434), 'R²': 0.986343290828985}",XGBoost,0.12554075168522794
JAMUNAOIL,Jamuna Oil Company,"{'RMSE': np.float64(18.359692368306593), 'MAE': 14.658201493851532, 'MAPE': np.float64(3.1013784292567697), 'R²': 0.9258767287042716}","{'RMSE': np.float64(20.743628448144488), 'MAE': 12.946866505418178, 'MAPE': np.float64(2.457973812436608), 'R²': 0.9053777593804729}","{'RMSE': np.float64(27.159293252550544), 'MAE': 17.662306815981143, 'MAPE': np.float64(3.3198862747665134), 'R²': 0.837796318616794}",LinearRegression,18.359692368306593
LAFARGECEM,LafargeHolcim Bangladesh,"{'RMSE': np.float64(18.34400386782861), 'MAE': 13.853080302022597, 'MAPE': np.float64(3.159362862120723), 'R²': 0.9487218981954926}","{'RMSE': np.float64(86.6999999143391), 'MAE': 66.52327825103185, 'MAPE': np.float64(13.831580862172341), 'R²': -0.14546511607807888}","{'RMSE': np.float64(92.13380717383932), 'MAE': 71.58049204815977, 'MAPE': np.float64(14.923125060379427), 'R²': -0.2935454978458345}",LinearRegression,18.34400386782861
MARICO,Marico Bangladesh,"{'RMSE': np.float64(51.08643118249954), 'MAE': 39.25491791998675, 'MAPE': np.float64(4.673248430701859), 'R²': 0.9820628519517155}","{'RMSE': np.float64(24.321353914394766), 'MAE': 18.960785254828174, 'MAPE': np.float64(2.224680291382677), 'R²': 0.9959344644930648}","{'RMSE': np.float64(35.387902054457534), 'MAE': 25.53579758262404, 'MAPE': np.float64(2.6556916874414203), 'R²': 0.9913929981438999}",RandomForest,24.321353914394766
MUTUALTRUST,Mutual Trust Bank,"{'RMSE': np.float64(59.14910485468079), 'MAE': 45.10015657954578, 'MAPE': np.float64(3.1317138737168273), 'R²': 0.9095500185290076}","{'RMSE': np.float64(66.53078532041478), 'MAE': 52.517386449400725, 'MAPE': np.float64(3.531051939261477), 'R²': 0.8855653807825191}","{'RMSE': np.float64(55.64987207946318), 'MAE': 43.05885977176542, 'MAPE': np.float64(2.847670199197438), 'R²': 0.9199354126005708}",XGBoost,55.64987207946318
NCCBANK,NCC Bank,"{'RMSE': np.float64(15.617101475911191), 'MAE': 12.76101665988056, 'MAPE': np.float64(3.2399809158779527), 'R²': 0.9561025478644631}","{'RMSE': np.float64(39.64520665836777), 'MAE': 27.024898628648206, 'MAPE': np.float64(5.686378844291303), 'R²': 0.717108550098756}","{'RMSE': np.float64(40.822527159081396), 'MAE': 27.94848031022096, 'MAPE': np.float64(5.883295380926451), 'R²': 0.700057350956963}",LinearRegression,15.617101475911191
POWERGRID,Power Grid Company,"{'RMSE': np.float64(9.773803777811432), 'MAE': 8.001923675658043, 'MAPE': np.float64(12.550587568320607), 'R²': 0.6289484965825178}","{'RMSE': np.float64(3.8577885851314897), 'MAE': 2.9584793445255055, 'MAPE': np.float64(5.1245852679209145), 'R²': 0.9421925500886758}","{'RMSE': np.float64(4.1013505818482825), 'MAE': 3.040533279179085, 'MAPE': np.float64(5.6011906831264024), 'R²': 0.9346627648721204}",RandomForest,3.8577885851314897
PRIMEBANK,Prime Bank,"{'RMSE': np.float64(25.354569734981133), 'MAE': 18.497318373113302, 'MAPE': np.float64(2.057103035074046), 'R²': 0.9344311315600096}","{'RMSE': np.float64(69.45499160726266), 'MAE': 36.06834294316102, 'MAPE': np.float64(3.5567706459798827), 'R²': 0.5079693861018505}","{'RMSE': np.float64(75.68735262549255), 'MAE': 39.43413304099437, 'MAPE': np.float64(3.8830032267128924), 'R²': 0.4157054592790759}",LinearRegression,25.354569734981133
RENATA,Renata Ltd,"{'RMSE': np.float64(5.858158344728265), 'MAE': 4.719608307757895, 'MAPE': np.float64(3.4476263449055287), 'R²': 0.9629633734726464}","{'RMSE': np.float64(2.784931574024372), 'MAE': 2.1533370313564286, 'MAPE': np.float64(1.5500037650290064), 'R²': 0.9916297531251638}","{'RMSE': np.float64(2.934771248530252), 'MAE': 2.2823248490283974, 'MAPE': np.float64(1.6896063096525624), 'R²': 0.9907048217850504}",RandomForest,2.784931574024372
ROBI,Robi Axiata,"{'RMSE': np.float64(3.345908391542597), 'MAE': 2.6775580579366025, 'MAPE': np.float64(7.734084127533671), 'R²': 0.7533147297522932}","{'RMSE': np.float64(1.1069192330448039), 'MAE': 0.8677650756837743, 'MAPE': np.float64(2.4961451873133313), 'R²': 0.973001042640818}","{'RMSE': np.float64(1.1781123918141863), 'MAE': 0.9174666691403003, 'MAPE': np.float64(2.636673359527907), 'R²': 0.9694164021705163}",RandomForest,1.1069192330448039
SIBL,Social Islami Bank,"{'RMSE': np.float64(14.151473864147155), 'MAE': 11.492222738036881, 'MAPE': np.float64(5.249165948458411), 'R²': 0.7775017146518655}","{'RMSE': np.float64(7.069859218917389), 'MAE': 5.452395505818611, 'MAPE': np.float64(2.636889496433848), 'R²': 0.9444678033466263}","{'RMSE': np.float64(12.744676234649305), 'MAE': 10.084352473082536, 'MAPE': np.float64(5.024239745584018), 'R²': 0.819540007268215}",RandomForest,7.069859218917389
SQURPHARMA,Square Pharmaceuticals,"{'RMSE': np.float64(75.7571825575004), 'MAE': 58.43071911102812, 'MAPE': np.float64(3.0376376299341583), 'R²': 0.9083839977996936}","{'RMSE': np.float64(41.40090815632703), 'MAE': 32.73750856862726, 'MAPE': np.float64(1.6873610230183387), 'R²': 0.9726382769394866}","{'RMSE': np.float64(41.33014299031797), 'MAE': 32.54994437018213, 'MAPE': np.float64(1.6559535727872805), 'R²': 0.9727317339273533}",XGBoost,41.33014299031797
SUMITPOWER,Summit Power,"{'RMSE': np.float64(8.828137128668025), 'MAE': 7.1508210842606195, 'MAPE': np.float64(6.015496719617088), 'R²': 0.8987056408937684}","{'RMSE': np.float64(3.9147375872695402), 'MAE': 3.0360907905162704, 'MAPE': np.float64(2.539483807151782), 'R²': 0.9800816925590131}","{'RMSE': np.float64(4.015360322420633), 'MAE': 3.117305722034828, 'MAPE': np.float64(2.6056827180953603), 'R²': 0.979044589804724}",RandomForest,3.9147375872695402
TITASGAS,Titas Gas,"{'RMSE': np.float64(9.076272804403866), 'MAE': 7.561677229929398, 'MAPE': np.float64(3.9552061020634097), 'R²': 0.8917067042881623}","{'RMSE': np.float64(3.3439685480894163), 'MAE': 2.6456056728247788, 'MAPE': np.float64(1.3935034096711567), 'R²': 0.9853002192571468}","{'RMSE': np.float64(3.4316680754134694), 'MAE': 2.7507225610440127, 'MAPE': np.float64(1.4489580127803365), 'R²': 0.9845190703159556}",RandomForest,3.3439685480894163
UNILEVER,Unilever Bangladesh,"{'RMSE': np.float64(4.979016006171818), 'MAE': 3.8986361737380326, 'MAPE': np.float64(4.782673677755137), 'R²': 0.6657011048133821}","{'RMSE': np.float64(2.1126219804482824), 'MAE': 1.6439785442682298, 'MAPE': np.float64(2.0253782062879484), 'R²': 0.9398145538130577}","{'RMSE': np.float64(2.117462996638518), 'MAE': 1.6766018010684918, 'MAPE': np.float64(2.073997213544954), 'R²': 0.9395384111406593}",RandomForest,2.1126219804482824
WALTONHIL,Walton Hi-Tech Industries,"{'RMSE': np.float64(19.666698190559153), 'MAE': 14.905575813400992, 'MAPE': np.float64(3.8778417048901614), 'R²': 0.9715380773164575}","{'RMSE': np.float64(175.25359638927094), 'MAE': 132.91905270506703, 'MAPE': np.float64(29.308840839354183), 'R²': -1.2601392961975066}","{'RMSE': np.float64(178.32525214685245), 'MAE': 136.48611349232687, 'MAPE': np.float64(30.31647948235167), 'R²': -1.3400601561060603}",LinearRegression,19.666698190559153
