feature,mean_abs_shap,mean_shap,stock
ATR_14,0.0007661590934731066,-0.0007384102209471166,ACI
BB_Width,0.0006181311327964067,-5.745965972892009e-05,ACI
BB_Position,0.0005135603714734316,-6.205655517987907e-05,ACI
SMA_200,0.0005084277945570648,-0.0003833530063275248,ACI
Returns_1d,0.0004875146842096001,2.953131297545042e-05,ACI
SMA_100,0.0004126968851778656,0.00040915291174314916,ACI
Volume_SMA_20,0.00041195587255060673,0.000159610208356753,ACI
Volume_Ratio,0.0003895217087119818,-5.0845159421442077e-05,ACI
Returns_5d,0.0003516306751407683,-3.46241140505299e-05,ACI
RSI_14,0.0003360228147357702,9.788516763364896e-05,ACI
Returns_20d,0.00029726893990300596,-5.2564962970791385e-05,ACI
Volatility_30d,0.000297206366667524,5.1684728532563895e-05,ACI
Volatility_60d,0.00029497320065274835,-4.7500041546300054e-05,ACI
MACD_Histogram,0.0002939960977528244,-0.00010891552665270865,ACI
MACD,0.0002898498496506363,-7.756587729090825e-05,ACI
BB_Lower,0.00026054654153995216,0.00019954559684265405,ACI
MACD_Signal,0.00025279002147726715,2.373277493461501e-05,ACI
EMA_50,0.0002073097275570035,-0.00020643576863221824,ACI
Log_Returns,0.00012584825162775815,-8.292118764074985e-06,ACI
SMA_5,0.00011220267333555967,-7.24451310816221e-05,ACI
BB_Upper,0.0001121165623771958,6.007657430018298e-05,ACI
SMA_10,0.00010462780483067036,-5.974386294838041e-05,ACI
SMA_50,0.00010056106111733243,3.708861186169088e-05,ACI
SMA_20,9.262335515813902e-05,2.2989997887634672e-05,ACI
BB_Middle,9.254003089154139e-05,-7.470311538781971e-05,ACI
EMA_12,7.431619451381266e-05,-6.219415081432089e-05,ACI
EMA_26,6.411346839740872e-05,-4.316469494369812e-05,ACI
Volume_SMA_20,0.0007211587016173452,-0.00042429520610302136,BANKASIA
Volatility_60d,0.0004713397535562707,2.8119722535110535e-05,BANKASIA
Returns_5d,0.00031703837819984835,6.69409710805282e-05,BANKASIA
Returns_20d,0.0003096366768905513,-5.4437854475691525e-05,BANKASIA
SMA_10,0.0002322903860290765,-1.2943419803765827e-06,BANKASIA
RSI_14,0.00016827005261489433,-6.307449030877728e-05,BANKASIA
SMA_100,0.00015824496548658558,7.979442642022185e-05,BANKASIA
Volatility_30d,0.00013301643439313275,-8.871125599214516e-06,BANKASIA
Log_Returns,0.00011173803557296227,-1.798690711610069e-05,BANKASIA
EMA_50,0.00011097711586600584,2.788481346915487e-05,BANKASIA
SMA_200,8.696921753525512e-05,-4.654675363109022e-05,BANKASIA
BB_Position,7.830109691072189e-05,1.071948484074738e-05,BANKASIA
SMA_5,7.512381218612148e-05,2.85674275337974e-05,BANKASIA
MACD_Signal,6.297550607627877e-05,2.6719974752196066e-05,BANKASIA
ATR_14,5.507648237894267e-05,8.746469007048585e-06,BANKASIA
MACD_Histogram,5.0827838736241755e-05,2.285723710136153e-05,BANKASIA
EMA_26,4.914413380838813e-05,8.141717246080202e-06,BANKASIA
SMA_50,4.820032596553793e-05,1.4220947016781105e-05,BANKASIA
Volume_Ratio,4.796496869145225e-05,-1.038994453855832e-05,BANKASIA
Returns_1d,4.046361534552222e-05,-2.304964098077727e-05,BANKASIA
EMA_12,3.886394654014991e-05,3.319637197511236e-06,BANKASIA
MACD,3.596110955462308e-05,1.0513992034375571e-05,BANKASIA
BB_Width,2.8585871311011075e-05,3.7585134736919537e-06,BANKASIA
BB_Upper,2.1928204199986944e-05,1.4580004090538693e-06,BANKASIA
BB_Lower,1.6934808158242154e-05,2.0503318504996853e-06,BANKASIA
SMA_20,1.5333179715484475e-05,8.509300783409825e-07,BANKASIA
BB_Middle,1.5333179715484475e-05,8.509300783409825e-07,BANKASIA
Volume_SMA_20,0.0006072519935002981,0.0004491216459744962,BATBC
Returns_5d,0.0004537964123458813,0.0001632005607545596,BATBC
Volatility_30d,0.0003827992685500177,5.1766382109052846e-05,BATBC
RSI_14,0.00034889776280838447,1.0234611566350424e-05,BATBC
Returns_20d,0.00032625157412414667,-0.00010791096884569563,BATBC
Volume_Ratio,0.00019360918810595946,-6.87030520867705e-05,BATBC
Volatility_60d,0.00018193811259670107,-0.00011538734100230761,BATBC
BB_Width,0.0001815303823562553,-3.246538585777643e-05,BATBC
BB_Position,0.0001486441305867763,-2.3588641838393288e-05,BATBC
BB_Upper,0.00012741529056415469,-7.22310596974274e-05,BATBC
BB_Lower,0.0001163197665140636,-6.827170129613996e-05,BATBC
Log_Returns,0.00011354402896604928,1.5017802906280142e-05,BATBC
SMA_200,0.00011256936978392338,-1.7869785701727446e-05,BATBC
SMA_100,0.00010935502418653235,-6.691630216151847e-05,BATBC
SMA_10,0.00010469528508040115,-7.3596401635693e-05,BATBC
SMA_50,0.00010031613752580087,-4.154459349770792e-05,BATBC
EMA_26,8.689775432274689e-05,-8.397423673116875e-05,BATBC
Returns_1d,8.51998956105809e-05,9.650715341739297e-06,BATBC
EMA_50,8.285880983757987e-05,-5.1297602863148915e-05,BATBC
EMA_12,8.193522195488715e-05,-7.847498305405662e-05,BATBC
ATR_14,7.994829802661726e-05,-4.2597241553938146e-05,BATBC
SMA_5,7.137420675198489e-05,-6.738334619605949e-05,BATBC
MACD_Signal,5.5003510339135766e-05,-6.303305404730971e-06,BATBC
MACD_Histogram,4.775690912435333e-05,-1.385831090841355e-05,BATBC
SMA_20,3.887550932057471e-05,-3.6951457564553764e-05,BATBC
BB_Middle,3.887550932057471e-05,-3.6951457564553764e-05,BATBC
MACD,3.304045449809333e-05,-4.765331023402946e-06,BATBC
SMA_200,0.0006762980923271721,-0.00034105991368298566,BEXIMCO
SMA_50,0.000627553865149506,0.00012434252606280223,BEXIMCO
SMA_10,0.000598387854898691,-7.572780411326439e-05,BEXIMCO
Returns_20d,0.000519256465948392,-8.280315415245706e-05,BEXIMCO
Volatility_30d,0.0004428405198211589,-0.0002630591752336827,BEXIMCO
SMA_5,0.0004282096494418189,-0.00013408418750942487,BEXIMCO
ATR_14,0.0003965140991964953,-0.00029864101328218247,BEXIMCO
Volume_Ratio,0.0003129558192124139,-6.372391911361971e-05,BEXIMCO
BB_Position,0.00028196154471843806,0.00013175272140374567,BEXIMCO
EMA_50,0.00026680467791037886,-0.00023362379649812892,BEXIMCO
Volatility_60d,0.000257466917216022,-9.055923139191532e-05,BEXIMCO
RSI_14,0.00025308686339713273,-0.00011959417311579016,BEXIMCO
SMA_100,0.00018494481727390603,-0.00016085363139095279,BEXIMCO
Returns_5d,0.00017219830791589196,7.692528797495848e-05,BEXIMCO
BB_Upper,0.0001583173090152608,-0.000157569762907141,BEXIMCO
EMA_26,0.0001541957557590684,-0.00012580449824330987,BEXIMCO
Log_Returns,0.00015117771680927633,-4.000804277030787e-05,BEXIMCO
EMA_12,0.00014752711448438708,-0.000133038837756707,BEXIMCO
MACD_Signal,0.0001447617243781003,2.52806090389282e-05,BEXIMCO
BB_Lower,0.00013887448696596258,-0.00012497632307235097,BEXIMCO
MACD,0.00012396767477525705,1.5241344713125103e-05,BEXIMCO
Returns_1d,0.0001099751797043026,-1.747597466407751e-05,BEXIMCO
Volume_SMA_20,0.00010953115323227728,6.570953066535376e-05,BEXIMCO
SMA_20,7.430333947385041e-05,-5.811315944987808e-05,BEXIMCO
BB_Middle,7.430333947385041e-05,-5.811315944987808e-05,BEXIMCO
MACD_Histogram,7.094802417392435e-05,1.1076468654146409e-05,BEXIMCO
BB_Width,6.221807057986799e-05,-4.2629502009194734e-05,BEXIMCO
Returns_20d,0.0009157662415728565,0.00042139488747706586,BEXPHARMA
Volume_Ratio,0.0007201602710738088,-8.503997602284231e-05,BEXPHARMA
Volume_SMA_20,0.00036306602019179235,-0.000236459204359233,BEXPHARMA
Returns_1d,0.0003008405905840826,-5.197778011752043e-05,BEXPHARMA
RSI_14,0.0002751287230821745,2.9082425918433288e-05,BEXPHARMA
Volatility_30d,0.00026990917786695866,3.755823565923767e-05,BEXPHARMA
ATR_14,0.00026261943187895877,6.391791760330002e-05,BEXPHARMA
SMA_10,0.00023872697030332803,-5.1989680571941034e-05,BEXPHARMA
SMA_5,0.00020048148297876136,0.00013417835718648207,BEXPHARMA
BB_Position,0.00019736132787369205,-8.498067140605044e-05,BEXPHARMA
Log_Returns,0.00017818371609347645,-4.739379441173978e-05,BEXPHARMA
SMA_50,0.00012465892704123128,6.0773372033742425e-05,BEXPHARMA
SMA_100,0.00012423546518701585,5.0012322830200426e-05,BEXPHARMA
SMA_200,0.00010320059878028135,8.765234030365461e-05,BEXPHARMA
EMA_50,8.69546214860471e-05,5.504420197618472e-05,BEXPHARMA
EMA_26,7.337971195107857e-05,6.431825424444766e-05,BEXPHARMA
EMA_12,7.133222062658147e-05,5.0243411898481035e-05,BEXPHARMA
Returns_5d,6.884377512320105e-05,-2.22610046930998e-05,BEXPHARMA
BB_Upper,6.213930764157409e-05,4.8385420837227166e-05,BEXPHARMA
BB_Lower,5.828624739947286e-05,4.095778832266748e-05,BEXPHARMA
BB_Width,5.1114632196717386e-05,1.005483051701855e-05,BEXPHARMA
MACD_Histogram,4.798207331796057e-05,1.7334623328829152e-05,BEXPHARMA
MACD_Signal,4.5866174058542445e-05,8.122842172425736e-06,BEXPHARMA
Volatility_60d,3.958946311537536e-05,4.063042148162115e-06,BEXPHARMA
MACD,3.934255010961892e-05,1.2699092642346043e-05,BEXPHARMA
SMA_20,3.106685869764224e-05,2.625716315852701e-05,BEXPHARMA
BB_Middle,3.106685869764224e-05,2.625716315852701e-05,BEXPHARMA
SMA_5,0.0005399533912360682,-6.584295483850573e-05,BRACBANK
BB_Position,0.0004378667680108736,-8.691774109097317e-05,BRACBANK
SMA_200,0.00037876922080227126,0.00017185943970999157,BRACBANK
Returns_1d,0.00034534308337055077,7.3687816487039996e-06,BRACBANK
Log_Returns,0.0002895641296817972,7.0035608150554154e-06,BRACBANK
Volatility_60d,0.00026446126013395617,-0.00015220481268399822,BRACBANK
MACD_Histogram,0.0002575118650393024,-1.8735687919687603e-05,BRACBANK
Volume_SMA_20,0.0002467647136108387,0.00010110750652663776,BRACBANK
Volatility_30d,0.00021240980150191564,-5.9806697569812816e-05,BRACBANK
ATR_14,0.0001876503611495677,-0.00015776729344103683,BRACBANK
Returns_20d,0.000186274928758937,2.2595971088446248e-05,BRACBANK
Returns_5d,0.0001550587199578175,-1.8357404600983397e-05,BRACBANK
BB_Width,0.00014575606275972006,-4.6363683870929595e-05,BRACBANK
BB_Lower,0.00013107790638069763,-6.106644193978811e-05,BRACBANK
RSI_14,0.0001303303767161368,-5.2022075131193704e-05,BRACBANK
EMA_12,0.00011578895944019974,-6.276000047927679e-05,BRACBANK
SMA_10,0.00011043476131472724,-7.975220588507234e-05,BRACBANK
MACD,9.589374591747653e-05,-6.3476178315814695e-06,BRACBANK
BB_Upper,8.289597793959488e-05,-6.199647456116338e-05,BRACBANK
EMA_26,7.550735179502484e-05,-5.177927636818237e-05,BRACBANK
MACD_Signal,7.31979894592682e-05,2.4968491227287893e-06,BRACBANK
SMA_100,5.860391219882361e-05,-2.8085846965191693e-05,BRACBANK
EMA_50,5.428005221398318e-05,-2.3134837278890692e-05,BRACBANK
SMA_50,4.9449387518377475e-05,-3.476895258236926e-05,BRACBANK
Volume_Ratio,4.33105636913882e-05,1.626693391923169e-05,BRACBANK
SMA_20,3.654367161566154e-05,-2.7939497774380445e-05,BRACBANK
BB_Middle,3.654367161566154e-05,-2.7939497774380445e-05,BRACBANK
Volume_SMA_20,0.0008335128270490791,0.0003718808798716257,BSCCL
Volume_Ratio,0.0005102164705091091,5.025717631336387e-05,BSCCL
BB_Position,0.00028323068673261976,-7.259488112811542e-07,BSCCL
Volatility_30d,0.00026178725406644717,-3.651299228306071e-05,BSCCL
Volatility_60d,0.00025125653523295257,-0.0001247724790456045,BSCCL
Returns_1d,0.00024325127488885053,-9.067503786167714e-05,BSCCL
RSI_14,0.00022450486690036596,-3.775975242200275e-05,BSCCL
Log_Returns,0.00021614191962687475,-6.202383864213749e-05,BSCCL
SMA_50,0.00018919499290026985,7.736659207338461e-05,BSCCL
ATR_14,0.00018534795643459365,0.00011575707107889755,BSCCL
Returns_5d,0.00014968031935408668,-3.987094713621086e-05,BSCCL
SMA_10,0.00013187743421945594,5.04949246152075e-05,BSCCL
SMA_100,0.00012864820230530454,3.373965741506331e-05,BSCCL
EMA_50,0.0001077829210903912,5.980261252095051e-05,BSCCL
BB_Upper,8.429966186239593e-05,6.823717049026575e-05,BSCCL
BB_Lower,7.652143635126271e-05,6.556764280687571e-05,BSCCL
SMA_200,7.60014552173646e-05,3.292601375732064e-05,BSCCL
EMA_26,6.525613417305288e-05,5.03514377964134e-05,BSCCL
EMA_12,6.370033600163849e-05,5.392919528457974e-05,BSCCL
SMA_5,5.8300027683861e-05,5.101539248891367e-05,BSCCL
MACD_Histogram,5.7511898638022155e-05,-1.6703751127990754e-05,BSCCL
Returns_20d,5.50190410523396e-05,-1.2063346277647821e-05,BSCCL
MACD_Signal,4.4059311670247485e-05,-1.6210969997419337e-05,BSCCL
BB_Width,3.441055531770069e-05,1.7629313901186264e-05,BSCCL
SMA_20,3.291969228108732e-05,2.8381467042036394e-05,BSCCL
BB_Middle,3.291969228108732e-05,2.8381467042036394e-05,BSCCL
MACD,2.921404161974029e-05,-1.1181403138244967e-05,BSCCL
Volume_SMA_20,0.0013299887576202235,0.000516364676680373,CUSTOMERS
Returns_20d,0.0004819940745385279,-2.926927910671481e-05,CUSTOMERS
Volatility_60d,0.0004557364536824841,-1.8143938160445995e-05,CUSTOMERS
SMA_10,0.0002879364937349964,-7.53584678243819e-05,CUSTOMERS
Returns_1d,0.0002464498309468385,-3.838237850657508e-05,CUSTOMERS
Volume_Ratio,0.0002338428946134495,-2.1044941872433305e-05,CUSTOMERS
SMA_50,0.00022479967182808213,-3.801472079726574e-05,CUSTOMERS
SMA_5,0.0002245625387868917,3.036446489746567e-05,CUSTOMERS
Log_Returns,0.00021714390755161385,-4.897387989933231e-05,CUSTOMERS
BB_Width,0.00019593392665560107,6.131276632407441e-05,CUSTOMERS
BB_Lower,0.00019074063811810513,4.63165244718569e-05,CUSTOMERS
Volatility_30d,0.00019014878946561973,1.0580338044077379e-05,CUSTOMERS
SMA_100,0.00017244770982666996,1.7738569408639216e-05,CUSTOMERS
BB_Upper,0.00016742867752228015,4.210845855672254e-05,CUSTOMERS
RSI_14,0.00016000352663856414,4.348313727455019e-05,CUSTOMERS
EMA_50,0.0001419422820303342,-5.227285568424451e-06,CUSTOMERS
MACD_Signal,0.00013864255596108302,-2.7856168215002924e-06,CUSTOMERS
MACD,0.0001337307171200851,5.805495215523265e-06,CUSTOMERS
BB_Position,9.470234022664933e-05,-8.194874453117545e-06,CUSTOMERS
MACD_Histogram,9.184761070630714e-05,-5.148353806038956e-06,CUSTOMERS
EMA_12,9.004737299202438e-05,-4.955635766910972e-06,CUSTOMERS
Returns_5d,8.984663799824917e-05,-1.551171758375213e-05,CUSTOMERS
EMA_26,8.942445009722154e-05,-7.241874177292748e-06,CUSTOMERS
SMA_200,8.567620106755866e-05,1.2969050943383608e-05,CUSTOMERS
ATR_14,5.0199039598449674e-05,-2.566319831225299e-06,CUSTOMERS
SMA_20,3.413375935297175e-05,-3.03631447486318e-06,CUSTOMERS
BB_Middle,3.413375935297175e-05,-3.03631447486318e-06,CUSTOMERS
Volume_SMA_20,0.0005670701511758219,-0.00033707398757993885,DBBL
SMA_200,0.00044485812830870753,2.486759952546548e-05,DBBL
Returns_1d,0.00032043096217014366,-2.5799967461779012e-05,DBBL
Log_Returns,0.0003046375298907631,-1.3783261609122022e-06,DBBL
SMA_5,0.00029623199531780305,0.0002100209579441829,DBBL
Volume_Ratio,0.00022173024829328543,-6.383483489448236e-05,DBBL
Volatility_30d,0.00021410492822232925,4.207255816128218e-05,DBBL
BB_Position,0.00019946959080790336,-9.544548174190527e-05,DBBL
RSI_14,0.00018895167418196565,6.179829527515268e-05,DBBL
Returns_5d,0.0001796413193304492,-9.791511956663374e-06,DBBL
EMA_50,0.00017322622739423401,0.000126427936938213,DBBL
BB_Upper,0.00016564356962559256,0.00013587919179748617,DBBL
EMA_12,0.00014963203688434193,0.00012268807424157437,DBBL
EMA_26,0.00013789879364908418,0.00011097147475796783,DBBL
SMA_10,0.00012972690500603754,8.667409375650957e-05,DBBL
SMA_50,0.00012134551086625533,9.599695110658004e-05,DBBL
SMA_100,0.00011915026130977632,8.525057450661266e-05,DBBL
BB_Lower,0.00011875251109336094,9.877088313193365e-05,DBBL
Volatility_60d,9.133166373887507e-05,-8.192668034711572e-06,DBBL
ATR_14,8.537615589882533e-05,6.288811689396801e-05,DBBL
BB_Width,7.709797383787587e-05,4.058037331543084e-05,DBBL
BB_Middle,6.781713130235388e-05,5.547082850070185e-05,DBBL
SMA_20,6.781713130235388e-05,5.547082850070185e-05,DBBL
MACD_Histogram,3.0209618922254723e-05,1.7888370845197443e-06,DBBL
Returns_20d,2.917398819463256e-05,1.9901773195632007e-06,DBBL
MACD_Signal,2.25308645877024e-05,5.9682191990206665e-06,DBBL
MACD,1.8453103141652362e-05,6.244858658162192e-06,DBBL
Log_Returns,0.0005868507526968478,-3.842420970607959e-05,DSEX
Returns_1d,0.0004898286608935183,-2.2519135829086232e-05,DSEX
Volume_SMA_20,0.0004775523155061606,-0.00033269452936476694,DSEX
Volatility_60d,0.00018466213487708567,-4.75541996642589e-05,DSEX
SMA_10,0.00016158389189768144,-3.051315980509823e-05,DSEX
Volume_Ratio,0.00015190239094084993,2.127268409550412e-05,DSEX
ATR_14,0.00014521546400496363,-1.532125486747097e-05,DSEX
SMA_50,9.296284078308491e-05,2.4327747257822673e-05,DSEX
RSI_14,9.06602513482235e-05,-1.7628777698225467e-05,DSEX
BB_Position,9.037272048475298e-05,-2.2219889705548383e-05,DSEX
Volatility_30d,5.0309269148926015e-05,-8.09320922994246e-06,DSEX
SMA_5,5.0068407957180274e-05,1.7381209686448657e-05,DSEX
EMA_50,4.7357993552184604e-05,1.4123825751617913e-05,DSEX
SMA_100,4.729036069768224e-05,3.6678684654115753e-05,DSEX
MACD_Signal,4.488212018994985e-05,-3.4019696588346146e-06,DSEX
SMA_200,4.325432768143621e-05,3.611861432198736e-05,DSEX
Returns_20d,4.2643972126999225e-05,-2.8478824606476544e-05,DSEX
MACD_Histogram,3.711136809445777e-05,1.8931060508495752e-06,DSEX
BB_Lower,3.5115900214511216e-05,3.0446102574676207e-05,DSEX
BB_Upper,3.4085618704689894e-05,3.0192183926764794e-05,DSEX
EMA_12,3.3303886916242925e-05,2.1529528534867843e-05,DSEX
EMA_26,3.152134217274337e-05,2.7922800609491288e-05,DSEX
Returns_5d,3.148059654510879e-05,-8.192199983105556e-06,DSEX
MACD,2.473438111345271e-05,-4.757775511741365e-06,DSEX
BB_Width,1.9308127010836244e-05,8.018846787991721e-06,DSEX
SMA_20,1.555866969822137e-05,1.3595281439230034e-05,DSEX
BB_Middle,1.555866969822137e-05,1.3595281439230034e-05,DSEX
BB_Position,0.00041820090645368623,-6.195600990163172e-05,DUTCHBANGL
Volume_SMA_20,0.00036666581225313174,-0.0001864393439812477,DUTCHBANGL
ATR_14,0.00025857318897456197,0.00014415098644357549,DUTCHBANGL
SMA_10,0.00023365164492813607,-9.028233320962947e-05,DUTCHBANGL
MACD_Histogram,0.0002197269473873476,-5.5623438438203e-05,DUTCHBANGL
Volatility_30d,0.00020733715497778748,8.265126284126026e-05,DUTCHBANGL
Returns_5d,0.0002009309262015779,3.6028921270658205e-05,DUTCHBANGL
SMA_50,0.00019843155063091543,-6.277278263070657e-05,DUTCHBANGL
EMA_12,0.00014892773808050275,1.764171606883888e-05,DUTCHBANGL
MACD,0.00014736207534809514,-6.157831006457644e-05,DUTCHBANGL
SMA_100,0.00012924800566584783,1.3019922404996084e-07,DUTCHBANGL
MACD_Signal,0.0001227108780359567,-3.5907089601438465e-05,DUTCHBANGL
Returns_1d,0.00010839594450985133,5.021584071664003e-05,DUTCHBANGL
EMA_50,0.00010221774220130135,-3.244245380590969e-05,DUTCHBANGL
BB_Upper,9.012749885517107e-05,-1.394654184144452e-05,DUTCHBANGL
SMA_5,7.554273785627969e-05,2.2181204741829264e-05,DUTCHBANGL
EMA_26,7.430520224073086e-05,-3.2109317647445836e-05,DUTCHBANGL
Log_Returns,7.300720828387711e-05,-2.190557601620829e-05,DUTCHBANGL
Volume_Ratio,7.06890256934094e-05,-2.990025411325384e-05,DUTCHBANGL
BB_Width,6.200938015414492e-05,-2.2788273290951666e-05,DUTCHBANGL
BB_Lower,5.773717270046821e-05,-8.024377422641978e-06,DUTCHBANGL
Returns_20d,5.0988252576014886e-05,-1.6359739502497944e-05,DUTCHBANGL
RSI_14,4.6786361809165455e-05,-6.066641492400909e-06,DUTCHBANGL
BB_Middle,3.963532128390829e-05,1.3012308652686432e-05,DUTCHBANGL
SMA_20,3.963532128390829e-05,1.3012308652686432e-05,DUTCHBANGL
Volatility_60d,3.855611165068123e-05,3.2055911592682232e-06,DUTCHBANGL
SMA_200,2.8324721081038553e-05,-2.367507629399383e-06,DUTCHBANGL
Volume_Ratio,0.0010661572462501638,2.9578277958460722e-05,EBL
Returns_20d,0.000545369112757554,0.00013837424189901907,EBL
RSI_14,0.00046974293324343787,4.505902778945585e-05,EBL
Volatility_30d,0.00021176690333693296,-5.038575191806063e-05,EBL
Returns_5d,0.00018434855339942774,-2.0195008655376135e-05,EBL
BB_Position,0.00016806642713933717,-4.934639773576037e-05,EBL
ATR_14,0.00013227369994771705,2.0729422373933283e-07,EBL
Volatility_60d,0.00013116906596253203,3.6027432968015396e-05,EBL
SMA_5,0.00011521747970253956,3.241028707925977e-05,EBL
Log_Returns,0.00010472437977630679,-1.7522254445573436e-05,EBL
Volume_SMA_20,0.00010330122977544614,-1.2611665651310424e-05,EBL
Returns_1d,9.886970271075999e-05,-1.4006033087349173e-05,EBL
SMA_10,6.718778578738234e-05,9.007830572988843e-06,EBL
SMA_100,6.231210231089276e-05,-4.225841982951425e-05,EBL
EMA_12,5.843633052037292e-05,2.043915339811475e-05,EBL
BB_Lower,5.753554809217951e-05,-7.339437016084269e-06,EBL
MACD,4.559225931330729e-05,-2.1415206804740464e-06,EBL
BB_Width,4.4602950770736464e-05,2.4236840031858733e-05,EBL
SMA_50,4.35032677624418e-05,2.1377747505185936e-05,EBL
MACD_Signal,3.913005899143962e-05,-4.108603545541893e-06,EBL
BB_Upper,3.8405180927690225e-05,7.320208079632529e-06,EBL
EMA_50,3.438568710910036e-05,-7.829612938318304e-06,EBL
EMA_26,3.315964877183264e-05,1.520933536197822e-05,EBL
MACD_Histogram,2.8157407460053218e-05,-5.344362538083276e-06,EBL
SMA_200,2.6801618876476694e-05,2.5952136607800685e-05,EBL
SMA_20,2.58507252032292e-05,5.184216648292658e-06,EBL
BB_Middle,2.58507252032292e-05,5.184216648292658e-06,EBL
Volume_Ratio,0.0008516297895358806,0.00014439823224036635,GP
Volatility_60d,0.0007135969784234658,-0.0003935890743641509,GP
Returns_20d,0.0004341758681026531,-0.00010432064331682996,GP
BB_Position,0.0004035959940576666,5.2031287266255045e-05,GP
Returns_5d,0.00038419635713106485,2.8728386367148126e-06,GP
SMA_50,0.0003586566781334708,3.009221292928916e-05,GP
SMA_200,0.00032760126063003487,0.00021854537861878428,GP
Log_Returns,0.00027251454796043355,5.070837593133368e-05,GP
RSI_14,0.00025804218794510153,1.6661074758343503e-05,GP
Volatility_30d,0.00021997306933210567,-2.0186413657314416e-05,GP
Returns_1d,0.0002133694825703643,5.311123139390286e-05,GP
Volume_SMA_20,0.00019912600476036123,0.00012469658224537045,GP
SMA_100,0.00012161055064194392,8.815076059054417e-05,GP
EMA_50,0.00011834422856008165,7.843992568618919e-05,GP
SMA_5,0.00011378125394689982,5.700377450409123e-05,GP
EMA_26,9.112320470441506e-05,6.646700652509077e-05,GP
SMA_10,8.771133547171128e-05,5.34903460036806e-05,GP
BB_Upper,7.64933591491954e-05,6.602001983286565e-05,GP
EMA_12,7.611920162439796e-05,5.538526191725275e-05,GP
BB_Lower,6.625191478495074e-05,6.043142251428515e-05,GP
MACD_Signal,6.378893402020102e-05,-6.676739948644528e-06,GP
MACD,5.529910653192956e-05,-8.254339549026687e-06,GP
ATR_14,5.514632071850571e-05,3.079689841219524e-05,GP
BB_Width,5.233634953765074e-05,3.0252236764734708e-05,GP
MACD_Histogram,4.4237273954859174e-05,1.518575875306948e-06,GP
SMA_20,4.336066878642475e-05,3.986904152061195e-05,GP
BB_Middle,4.336066878642475e-05,3.986904152061195e-05,GP
Volume_SMA_20,0.00040936495076010325,0.0002496709897493302,HEIDELBCEM
Returns_5d,0.00032462764837799145,-8.82315318391045e-05,HEIDELBCEM
Returns_1d,0.0002787524693593056,-6.665349240185917e-05,HEIDELBCEM
Log_Returns,0.00022321212315611863,3.6911987978803965e-05,HEIDELBCEM
Volatility_60d,0.00018023347875696728,-5.517289805348248e-06,HEIDELBCEM
BB_Position,0.0001415017641467525,-3.083377670917109e-05,HEIDELBCEM
SMA_50,0.00011545371409874745,6.031660097003901e-05,HEIDELBCEM
SMA_5,0.00010772662985659187,2.2041707556282497e-05,HEIDELBCEM
Volume_Ratio,0.00010645514010679916,-1.4060189293918323e-05,HEIDELBCEM
SMA_100,9.546887305793056e-05,1.6034757638442705e-05,HEIDELBCEM
SMA_200,9.234782505807393e-05,-7.234860238584083e-05,HEIDELBCEM
EMA_50,8.07174548581383e-05,2.2684600780679943e-05,HEIDELBCEM
Returns_20d,7.744398815396775e-05,-3.422723824900084e-05,HEIDELBCEM
ATR_14,6.577304886986289e-05,-2.0296355231994445e-05,HEIDELBCEM
BB_Width,5.683277316523989e-05,-2.431974156729964e-05,HEIDELBCEM
SMA_10,5.6527068442685455e-05,3.666350398684652e-05,HEIDELBCEM
BB_Upper,4.183426370916954e-05,1.257880205568782e-05,HEIDELBCEM
BB_Lower,3.539041071018854e-05,1.0353020370297755e-05,HEIDELBCEM
EMA_12,2.770788200815423e-05,2.0585931562743686e-05,HEIDELBCEM
EMA_26,2.5541704054717147e-05,1.0281341385312818e-05,HEIDELBCEM
Volatility_30d,1.9402105696240346e-05,4.0546830120246894e-06,HEIDELBCEM
SMA_20,1.4355493461977054e-05,9.361491776383425e-06,HEIDELBCEM
BB_Middle,1.4355493461977054e-05,9.361491776383425e-06,HEIDELBCEM
MACD_Histogram,1.3453437940316342e-05,-1.1911544995170085e-06,HEIDELBCEM
MACD_Signal,1.2687004477580815e-05,-1.6749882237463248e-06,HEIDELBCEM
MACD,1.2294115186540835e-05,-1.4294240944576635e-06,HEIDELBCEM
RSI_14,1.1290766157802163e-05,-4.727927756760644e-06,HEIDELBCEM
Volume_SMA_20,0.0007924418726447569,0.0005280807376849485,ISLAMI BANK
Volume_Ratio,0.0007314208705826514,-0.00012032695038524908,ISLAMI BANK
Volatility_30d,0.0005888488409847272,-3.707720967000931e-05,ISLAMI BANK
Returns_5d,0.0005483816885983129,-2.814501445005929e-05,ISLAMI BANK
Log_Returns,0.0004134708163904787,1.7111440883124262e-05,ISLAMI BANK
Returns_1d,0.00035332781738246327,2.03794292438767e-05,ISLAMI BANK
SMA_5,0.00013308912067704358,-3.697470816854584e-05,ISLAMI BANK
Volatility_60d,0.00011565388906813783,9.75680209781248e-07,ISLAMI BANK
SMA_200,0.00010369754864484709,3.109299523490303e-05,ISLAMI BANK
ATR_14,0.0001036525812658973,4.116117111344131e-05,ISLAMI BANK
BB_Position,8.105087554053618e-05,-9.828755034857544e-06,ISLAMI BANK
EMA_50,6.687194406849363e-05,5.615737004121729e-05,ISLAMI BANK
Returns_20d,6.199441524310522e-05,2.565305224811519e-06,ISLAMI BANK
SMA_100,6.006266187611643e-05,5.8353513580793163e-05,ISLAMI BANK
SMA_50,5.723238355180928e-05,5.691976723886222e-05,ISLAMI BANK
RSI_14,5.5066630687274674e-05,-1.3335781101957491e-06,ISLAMI BANK
SMA_10,3.6618278098727695e-05,3.380074886881556e-05,ISLAMI BANK
EMA_26,3.543653487095063e-05,2.4813139128257222e-05,ISLAMI BANK
BB_Upper,3.51553504179067e-05,3.4103601888837065e-05,ISLAMI BANK
EMA_12,3.294391574035996e-05,1.6994307972352587e-05,ISLAMI BANK
BB_Lower,2.8956013599899915e-05,2.711773874855376e-05,ISLAMI BANK
MACD_Histogram,2.7806744956782172e-05,-5.773826541483338e-06,ISLAMI BANK
BB_Width,2.1376062991948717e-05,1.9398456378335977e-05,ISLAMI BANK
BB_Middle,1.7309187181781237e-05,1.0716611029371438e-05,ISLAMI BANK
SMA_20,1.7309187181781237e-05,1.0716611029371438e-05,ISLAMI BANK
MACD_Signal,1.3203179517726783e-05,4.479066098304243e-06,ISLAMI BANK
MACD,1.0825605765357298e-05,-1.9305269447528152e-06,ISLAMI BANK
SMA_10,0.00031484772203139126,-0.00012965711270375785,JAMUNAOIL
SMA_100,0.0002774773531341911,-5.924952866810605e-05,JAMUNAOIL
Volatility_60d,0.00023371229045708014,-3.9030622803306115e-08,JAMUNAOIL
BB_Position,0.00020728090053630135,-6.328703202991874e-05,JAMUNAOIL
Returns_1d,0.00020325459843324682,-1.0971058551353787e-05,JAMUNAOIL
Volatility_30d,0.00019713956350254328,6.154545584632708e-05,JAMUNAOIL
Volume_SMA_20,0.0001948801302561123,0.00010507388617787311,JAMUNAOIL
BB_Width,0.00018746818441634156,-7.602028701598634e-05,JAMUNAOIL
ATR_14,0.00018223128737375474,-4.467617681339438e-05,JAMUNAOIL
BB_Lower,0.00017489038743740798,-7.843713003404315e-05,JAMUNAOIL
Log_Returns,0.0001702152025375139,1.5344388637983405e-05,JAMUNAOIL
EMA_50,0.0001678084763501345,-5.153604746064575e-05,JAMUNAOIL
RSI_14,0.00013967512454093265,2.5778965183280677e-05,JAMUNAOIL
SMA_5,0.0001333336926578039,-9.293446395162322e-05,JAMUNAOIL
SMA_50,0.0001319666795838026,-5.1521649339372816e-05,JAMUNAOIL
BB_Upper,0.000117462452630841,-7.56354330411079e-05,JAMUNAOIL
SMA_200,9.285410719965383e-05,-7.67876562202191e-05,JAMUNAOIL
EMA_12,8.782744683047988e-05,-6.934152385714443e-05,JAMUNAOIL
Returns_20d,8.078103181831275e-05,8.010668477022865e-07,JAMUNAOIL
Returns_5d,8.016746711320389e-05,8.664189722413947e-06,JAMUNAOIL
EMA_26,7.852380138138288e-05,-6.508748755563886e-05,JAMUNAOIL
Volume_Ratio,6.0360850605146335e-05,-3.2781028404916007e-06,JAMUNAOIL
MACD_Signal,5.196869266063282e-05,-1.4669546148856792e-05,JAMUNAOIL
MACD,4.570190437238901e-05,-8.609351871912292e-06,JAMUNAOIL
MACD_Histogram,4.5415827704644764e-05,-1.658358222485176e-05,JAMUNAOIL
SMA_20,3.511648724989368e-05,-3.0141384263509557e-05,JAMUNAOIL
BB_Middle,3.511648724989368e-05,-3.0141384263509557e-05,JAMUNAOIL
Volume_SMA_20,0.0006173946834353073,0.0003716632644433093,LAFARGECEM
SMA_50,0.0003802995439271959,1.721353447250619e-06,LAFARGECEM
ATR_14,0.00037748973262926466,-0.00022147169917864344,LAFARGECEM
RSI_14,0.00032913780622871716,6.385465542915907e-05,LAFARGECEM
SMA_10,0.00028513618101222714,-0.00022915160622729482,LAFARGECEM
SMA_5,0.00027304184519848544,-0.0002586597526386019,LAFARGECEM
BB_Lower,0.00026356615046919685,-0.00025238874269468514,LAFARGECEM
Volatility_60d,0.00025572784923343447,0.00011982219404367678,LAFARGECEM
BB_Upper,0.0002551339928172371,-0.00022941769060480223,LAFARGECEM
BB_Position,0.0002248862594939541,5.299270871585396e-05,LAFARGECEM
EMA_12,0.0002216088196234781,-0.00021231244041618113,LAFARGECEM
EMA_50,0.00021812057283391838,-0.000184419841515808,LAFARGECEM
SMA_100,0.00021359428723142002,-0.00019901469834256245,LAFARGECEM
Returns_5d,0.00020973297079990232,4.097326659886354e-05,LAFARGECEM
EMA_26,0.00020244380621322345,-0.00019484145551148794,LAFARGECEM
SMA_200,0.00020026574567563152,-0.00019146535549402526,LAFARGECEM
Volatility_30d,0.0001938337910945574,-2.1427333401568912e-05,LAFARGECEM
Log_Returns,0.00018968272835374046,-0.00011864053778736944,LAFARGECEM
Returns_1d,0.00011993042479849964,-5.2683577192100264e-05,LAFARGECEM
MACD_Signal,0.00011924898151082611,-1.2376336506632409e-05,LAFARGECEM
MACD,0.00011656430324051781,-1.676404340543797e-05,LAFARGECEM
SMA_20,0.00010203646104616751,-9.73120198410645e-05,LAFARGECEM
BB_Middle,0.00010203646104616751,-9.73120198410645e-05,LAFARGECEM
BB_Width,9.569348306377197e-05,-6.780976139147807e-06,LAFARGECEM
Returns_20d,8.329477294539808e-05,5.565552167999833e-06,LAFARGECEM
MACD_Histogram,5.594282137131274e-05,3.6552452713567027e-06,LAFARGECEM
Volume_Ratio,1.49780763620824e-05,2.108074327345651e-06,LAFARGECEM
ATR_14,0.0005624294975199092,0.0003476290726233947,MARICO
SMA_200,0.0004794016854543829,-3.385760491366847e-05,MARICO
MACD_Histogram,0.00043537050012898274,3.6409098397252426e-05,MARICO
BB_Position,0.0003958305935133303,0.00010528131257777582,MARICO
SMA_10,0.00035388389235555375,1.4371418737320072e-05,MARICO
Returns_20d,0.00032222379323783914,3.824356190366705e-06,MARICO
Volume_Ratio,0.0003106637724646824,-3.812395625559632e-05,MARICO
Volatility_60d,0.00030161400802846804,-8.868402314597786e-05,MARICO
SMA_5,0.0002465776465670238,-0.00010006872235891092,MARICO
SMA_20,0.0002272274985687661,-1.4757739302780824e-05,MARICO
BB_Middle,0.0002272274985687661,-1.4757739302780824e-05,MARICO
SMA_100,0.00021213702584650646,2.4149053201497535e-06,MARICO
Volatility_30d,0.00020775170954039497,-5.018950218575598e-05,MARICO
SMA_50,0.0002000913007038498,-3.289594629153059e-05,MARICO
Log_Returns,0.00017443522989701225,1.689926516532976e-05,MARICO
EMA_50,0.00016078675243311498,-7.331079885805088e-06,MARICO
RSI_14,0.00015324262633984435,1.6082827219425364e-05,MARICO
Returns_1d,0.00015163886044888378,1.4951088106678655e-05,MARICO
EMA_12,0.00013445075435581278,-4.010017093787401e-05,MARICO
MACD_Signal,0.00013338444189772431,1.293443109604291e-05,MARICO
BB_Lower,0.0001270547520951906,-4.156871689935753e-05,MARICO
EMA_26,0.00012323056363478245,-6.199842595959188e-05,MARICO
Returns_5d,0.0001036031260502469,3.9045045380842425e-05,MARICO
MACD,8.94007942658087e-05,1.0066344634077149e-05,MARICO
BB_Upper,8.655026902701035e-05,-3.941765000085912e-05,MARICO
BB_Width,7.384588776255708e-05,-7.758437058249038e-06,MARICO
Volume_SMA_20,2.580784753858844e-05,7.585074264058069e-06,MARICO
Returns_20d,0.005272152264839477,-0.0003624053462555879,MUTUALTRUST
BB_Width,0.005119861824939362,0.0003049217965629721,MUTUALTRUST
EMA_50,0.0010759228522059109,0.00011296138359935103,MUTUALTRUST
BB_Lower,0.0010037822834383465,-0.00011049318662773227,MUTUALTRUST
RSI_14,0.0007697864100357877,7.46060502173311e-05,MUTUALTRUST
Log_Returns,0.0007108568728171783,8.757940557982971e-05,MUTUALTRUST
SMA_100,0.0005004793909308585,-5.290912965777237e-06,MUTUALTRUST
BB_Position,0.0003035498426478431,-8.681846309033979e-06,MUTUALTRUST
SMA_5,0.0002489676307606363,-2.0489137670645788e-05,MUTUALTRUST
Volume_SMA_20,0.00024500146055346565,-0.00014802127933167804,MUTUALTRUST
ATR_14,0.00022885488037575154,1.2016711424775947e-05,MUTUALTRUST
Returns_1d,0.0001903056511164614,2.5291534052242952e-05,MUTUALTRUST
Volatility_60d,0.0001727021524688392,-5.158614055678688e-05,MUTUALTRUST
SMA_10,0.00014071956131807728,-3.0142955757434374e-05,MUTUALTRUST
SMA_200,0.00013651718995989705,-9.032062524919468e-05,MUTUALTRUST
Volume_Ratio,0.00013130221100531792,-1.0667310481591078e-05,MUTUALTRUST
EMA_12,8.509719350169132e-05,-2.8743492103655252e-05,MUTUALTRUST
Returns_5d,7.5845827396885e-05,6.122485830153992e-06,MUTUALTRUST
BB_Upper,6.962758926883223e-05,-8.689317780373917e-07,MUTUALTRUST
Volatility_30d,6.345907092929324e-05,-7.80995872618544e-06,MUTUALTRUST
SMA_50,5.811651644510824e-05,-3.198098013014056e-05,MUTUALTRUST
EMA_26,5.7847023700830954e-05,-1.8652752101103514e-05,MUTUALTRUST
MACD_Histogram,5.149161768110959e-05,-7.168989870733176e-06,MUTUALTRUST
MACD,3.6998503311273004e-05,3.907190197936412e-06,MUTUALTRUST
SMA_20,2.4802723625684873e-05,-5.966293454096052e-06,MUTUALTRUST
BB_Middle,2.4802723625684873e-05,-5.966293454096052e-06,MUTUALTRUST
MACD_Signal,2.194361597705338e-05,-1.503189262828618e-06,MUTUALTRUST
SMA_200,0.0009718302756976923,0.0007130989312712656,NCCBANK
BB_Lower,0.0006717269191251929,0.0002849260837904206,NCCBANK
Volatility_60d,0.000657826658365087,-0.0005130877845157905,NCCBANK
EMA_12,0.0006101675119093944,-0.00024516933614715275,NCCBANK
Volume_SMA_20,0.0006059671278787425,-0.00042541928857484963,NCCBANK
BB_Position,0.000494621569281898,-0.00026686542038124395,NCCBANK
RSI_14,0.0003785640072792666,0.00020863340338565605,NCCBANK
SMA_10,0.0003732601901581132,5.961952323088043e-05,NCCBANK
MACD_Histogram,0.00029743081109980424,8.522586030609547e-05,NCCBANK
SMA_5,0.00024086845594077392,9.2576421166332e-05,NCCBANK
SMA_100,0.00023884020403809277,9.265941066645125e-05,NCCBANK
Returns_5d,0.00023050277921849205,-0.00010163663354107491,NCCBANK
BB_Width,0.00022338464083072285,0.0001548862028377504,NCCBANK
EMA_50,0.00021459580490318999,0.00012244705326024648,NCCBANK
Volatility_30d,0.00020904392206655433,-0.0001060535276835052,NCCBANK
ATR_14,0.00020375876826459515,2.724774060629982e-05,NCCBANK
MACD_Signal,0.0001995634974410532,-2.3603963598231898e-05,NCCBANK
BB_Upper,0.0001922249198675771,5.914184496648783e-05,NCCBANK
EMA_26,0.00010951803340200634,-1.5808707541776584e-05,NCCBANK
MACD,0.00010941417758095404,7.758002966412913e-06,NCCBANK
Returns_20d,9.156473115167513e-05,9.893129342202745e-06,NCCBANK
SMA_50,8.863355062245571e-05,-5.306712707538941e-05,NCCBANK
SMA_20,3.881038666300996e-05,-7.018187775340749e-06,NCCBANK
BB_Middle,3.881038666300996e-05,-7.018187775340749e-06,NCCBANK
Volume_Ratio,2.8553783656166772e-05,1.8021556131009889e-06,NCCBANK
Returns_1d,2.4442278996950787e-05,4.20500760060985e-06,NCCBANK
Log_Returns,1.4292754177165608e-05,-3.441295625424606e-06,NCCBANK
SMA_200,0.0005263038484804787,-0.0005263038484804787,POWERGRID
BB_Position,0.0005163633031855905,-4.816376402956457e-05,POWERGRID
Volume_Ratio,0.00048307903064834733,-0.0001245833335564541,POWERGRID
Volatility_60d,0.0004493067720876055,0.00010117012645111359,POWERGRID
Returns_20d,0.00040435247424646097,-9.694946106110497e-05,POWERGRID
RSI_14,0.0003782977673901565,-0.00016357512615804433,POWERGRID
Volume_SMA_20,0.00030993329043208634,0.00019927977676584881,POWERGRID
Returns_5d,0.00026505419699846726,1.900363217616965e-05,POWERGRID
SMA_50,0.00024097654809743452,0.0002322890589764212,POWERGRID
Log_Returns,0.00015459393999566566,3.415482100825849e-05,POWERGRID
MACD_Histogram,0.00012668019075965596,5.365782986555982e-05,POWERGRID
Returns_1d,0.00012605914957770136,3.3062713090291855e-05,POWERGRID
SMA_100,0.00012523697338591574,0.00012507555850073727,POWERGRID
SMA_10,0.00012018691997054002,6.836489105085468e-05,POWERGRID
SMA_5,0.00011024637332955123,0.00010634336725152031,POWERGRID
Volatility_30d,8.771192847792015e-05,2.0374717326524604e-05,POWERGRID
EMA_12,7.94672442476542e-05,7.827723903141353e-05,POWERGRID
BB_Upper,7.887513576977661e-05,7.846103029404789e-05,POWERGRID
EMA_26,7.69902384390262e-05,7.676378000728757e-05,POWERGRID
BB_Lower,7.171298741479566e-05,7.163148809368894e-05,POWERGRID
ATR_14,6.923203420295101e-05,6.066811253702503e-06,POWERGRID
EMA_50,6.079939588112531e-05,4.6021534113049394e-05,POWERGRID
MACD_Signal,5.8004224806754045e-05,3.6583248253342286e-05,POWERGRID
BB_Middle,4.2719623216375854e-05,4.254208829776423e-05,POWERGRID
SMA_20,4.2719623216375854e-05,4.254208829776423e-05,POWERGRID
MACD,3.759033788773895e-05,1.6272202118916228e-05,POWERGRID
BB_Width,3.649479958948511e-05,2.5265211041033434e-05,POWERGRID
ATR_14,0.0005350423681514764,-0.00023797189869837867,PRIMEBANK
Log_Returns,0.00029918523439838063,2.059244755198161e-06,PRIMEBANK
SMA_10,0.000295443051052008,0.00014508893411341209,PRIMEBANK
Returns_1d,0.00028564763244094834,8.905564231807859e-05,PRIMEBANK
SMA_200,0.0002781455589622742,0.00011774640125902093,PRIMEBANK
Returns_20d,0.00018981828836303323,-8.872205989640054e-05,PRIMEBANK
SMA_5,0.00018786822852643033,-5.453797908492582e-05,PRIMEBANK
Volatility_30d,0.00014872726246861672,-4.370008234575949e-05,PRIMEBANK
EMA_50,0.00013502465222073442,1.630593375438804e-05,PRIMEBANK
SMA_100,0.0001340325948537758,3.065774487949752e-05,PRIMEBANK
Volume_SMA_20,7.319391710709718e-05,-4.6061947900791176e-05,PRIMEBANK
MACD_Histogram,6.731478140965196e-05,5.007264094240768e-06,PRIMEBANK
SMA_50,6.69733964327223e-05,-8.793664505893907e-06,PRIMEBANK
Returns_5d,6.064996945391253e-05,7.8017574468127e-06,PRIMEBANK
EMA_26,6.059822622435604e-05,-1.3908966026315986e-05,PRIMEBANK
EMA_12,5.820559532599099e-05,-1.7686884648747987e-05,PRIMEBANK
BB_Position,5.7086360491471e-05,-1.6475999323335935e-05,PRIMEBANK
BB_Upper,4.790348520128952e-05,-1.6118897742104e-05,PRIMEBANK
BB_Lower,4.6505801935849475e-05,-1.907237030622653e-05,PRIMEBANK
BB_Width,4.533771700975758e-05,-5.031037376145417e-06,PRIMEBANK
MACD,3.8400363531507704e-05,-5.131569816506752e-06,PRIMEBANK
MACD_Signal,3.536600900946733e-05,-2.3822060835688546e-06,PRIMEBANK
RSI_14,3.067043489742914e-05,1.6384457054610797e-05,PRIMEBANK
Volatility_60d,2.041846521223303e-05,-9.531822700989504e-06,PRIMEBANK
SMA_20,1.813718675061539e-05,-1.0058801571167122e-05,PRIMEBANK
BB_Middle,1.813718675061539e-05,-1.0058801571167122e-05,PRIMEBANK
Volume_Ratio,1.746640181506645e-05,3.005503770603759e-06,PRIMEBANK
Volume_SMA_20,0.0005322207075307541,0.0002962765404217908,RENATA
Log_Returns,0.00045037157522122056,-7.363156661007044e-05,RENATA
Volume_Ratio,0.00037642490311928485,-1.6336362819959604e-05,RENATA
Returns_1d,0.000362091158373723,3.3694396624564856e-05,RENATA
BB_Position,0.00024053984781588386,-3.3945241563441804e-05,RENATA
RSI_14,0.00022378156604719183,-6.369968734010848e-05,RENATA
SMA_50,0.0001736223101999213,2.932307953533801e-05,RENATA
Returns_20d,0.00016626949494114463,-2.1325428117718007e-05,RENATA
Volatility_60d,0.0001242486966466697,5.5135704177965396e-05,RENATA
ATR_14,0.00011914686316320759,9.018905548260552e-05,RENATA
BB_Width,0.00011682284714678672,5.6082103316721555e-05,RENATA
SMA_200,0.00011562915561527681,5.661669263277377e-05,RENATA
BB_Lower,8.922432133998083e-05,8.077593503014421e-05,RENATA
Returns_5d,8.847671005972091e-05,-2.660554106163465e-06,RENATA
SMA_100,8.640811963583275e-05,8.194706810046581e-05,RENATA
EMA_50,8.577254657227845e-05,8.333360057533784e-05,RENATA
SMA_5,8.326234750474539e-05,1.6665045333506945e-05,RENATA
EMA_26,8.306481113340314e-05,8.02938571607289e-05,RENATA
Volatility_30d,8.051138014638302e-05,-2.1584769208466127e-05,RENATA
BB_Upper,7.93423390111353e-05,6.778327236876975e-05,RENATA
SMA_10,6.944612297152031e-05,6.302410888686198e-05,RENATA
EMA_12,6.930216236539052e-05,6.678749135035279e-05,RENATA
SMA_20,3.609688917615547e-05,3.602068105774993e-05,RENATA
BB_Middle,3.609688917615547e-05,3.602068105774993e-05,RENATA
MACD_Signal,3.0277223329531678e-05,-1.2447619922100839e-05,RENATA
MACD,2.359331030853916e-05,-1.4208547860126774e-05,RENATA
MACD_Histogram,1.7895556087388194e-05,-7.65739479136814e-06,RENATA
Returns_20d,0.0006541421496052709,-0.00010954629059836126,ROBI
Volatility_60d,0.0005707411671627362,-9.960959636990126e-05,ROBI
Volume_SMA_20,0.0005264652581957674,-0.0002590045150559324,ROBI
Returns_5d,0.000515084911325826,0.00016828264725495388,ROBI
SMA_200,0.00039574096468297364,0.00031296401525205845,ROBI
Log_Returns,0.0003379183980562122,-0.00010651443737073229,ROBI
Returns_1d,0.00028996436017796084,-9.088801390089747e-05,ROBI
BB_Position,0.00025340693491062474,-6.568708571723402e-05,ROBI
SMA_50,0.00023126888379905902,8.72241030405309e-05,ROBI
SMA_10,0.00021267992668139973,0.00011862980827818382,ROBI
Volume_Ratio,0.00016962847016923716,1.4201201984387251e-06,ROBI
SMA_5,0.00015062891029450395,7.825938750637674e-05,ROBI
EMA_50,0.00012961200269572565,8.827620331856323e-05,ROBI
SMA_100,0.00011265131760622656,9.925756559245793e-05,ROBI
MACD_Histogram,9.665748661168276e-05,-2.2718106848413382e-05,ROBI
BB_Lower,9.423236774965042e-05,9.421215232138807e-05,ROBI
Volatility_30d,9.391670800131693e-05,7.356349606535792e-06,ROBI
MACD_Signal,8.309268190982411e-05,-9.913003370294713e-06,ROBI
EMA_12,7.940725942160976e-05,7.940725942160976e-05,ROBI
EMA_26,7.557138102397235e-05,7.557138102397235e-05,ROBI
RSI_14,7.199834362603145e-05,-8.292885325818207e-06,ROBI
BB_Upper,6.493764026285255e-05,6.493764026285255e-05,ROBI
ATR_14,6.140992705144168e-05,3.635568126130293e-05,ROBI
BB_Width,3.707497765622107e-05,3.645622195413678e-05,ROBI
SMA_20,3.594542702919687e-05,3.520029087199921e-05,ROBI
BB_Middle,3.594542702919687e-05,3.520029087199921e-05,ROBI
MACD,2.128636003931676e-05,-7.620956905468558e-07,ROBI
Returns_20d,0.0006105224420515426,6.144382648269676e-05,SIBL
SMA_200,0.000588956933848218,0.0005242497936242976,SIBL
Volume_Ratio,0.000567794269384152,-1.892407498522789e-05,SIBL
Volume_SMA_20,0.0004964510996649708,-0.00024283919494671704,SIBL
ATR_14,0.00047112578137816874,0.00015023665342888632,SIBL
BB_Position,0.0004548797781398467,-2.2882615145372342e-05,SIBL
SMA_100,0.00026791550221583047,0.0002634252795586986,SIBL
SMA_5,0.00022336815774347835,0.00014119615564312662,SIBL
EMA_50,0.0002054672927566519,0.0002035289186991581,SIBL
SMA_50,0.00017608672524322737,8.816860650608968e-05,SIBL
SMA_10,0.00017055414913738818,0.00013052207572499064,SIBL
Returns_5d,0.0001690310515781846,2.5082424577649827e-05,SIBL
EMA_26,0.00016038764217470318,0.0001592816887730229,SIBL
BB_Upper,0.00014644908005213638,0.00014644908005213638,SIBL
EMA_12,0.00012592750235677422,0.00011965978141765729,SIBL
RSI_14,0.00012274951152362534,3.3093260474482206e-06,SIBL
Returns_1d,0.00010468361326474175,-1.0387569215419742e-05,SIBL
BB_Lower,0.00010391018027809397,0.00010288923371361627,SIBL
Log_Returns,8.65494899248735e-05,-9.044722289795774e-06,SIBL
Volatility_60d,8.067719232508479e-05,-1.739784434166468e-05,SIBL
MACD,6.271076362312028e-05,4.7648926245401e-06,SIBL
BB_Width,6.246009486442424e-05,3.4510611904614055e-05,SIBL
SMA_20,6.235531364071458e-05,6.16911346386713e-05,SIBL
BB_Middle,6.235531364071458e-05,6.16911346386713e-05,SIBL
MACD_Histogram,5.402754860741275e-05,6.900820207521629e-06,SIBL
Volatility_30d,5.0142927853328575e-05,8.780608852733991e-06,SIBL
MACD_Signal,4.598206491956461e-05,8.2035083061239e-06,SIBL
SMA_100,0.002295031507302385,0.000446355130158577,SQURPHARMA
BB_Position,0.0022338108430651894,-0.0006112763882810254,SQURPHARMA
EMA_50,0.00136640049052063,0.0007077195667583219,SQURPHARMA
Volatility_60d,0.0012008643370897871,-0.00028656442967785683,SQURPHARMA
MACD_Histogram,0.0006648026991188497,-0.0002561461904548438,SQURPHARMA
ATR_14,0.0005578854029584243,0.00015461792098032934,SQURPHARMA
Volume_SMA_20,0.0004194765828827658,-0.00028387478111267355,SQURPHARMA
EMA_12,0.00041309136100305734,4.701199921664557e-05,SQURPHARMA
SMA_5,0.00038401910594412276,-0.00020627515560135085,SQURPHARMA
SMA_200,0.0003719427832394339,-0.00036579808283362654,SQURPHARMA
SMA_50,0.00019635208414257727,-2.1876848843928363e-05,SQURPHARMA
Volume_Ratio,0.00019612229983235983,3.85753070993279e-06,SQURPHARMA
Returns_20d,0.00019558341918306737,4.101510876000806e-06,SQURPHARMA
RSI_14,0.00019168253132941716,-7.350497464280127e-05,SQURPHARMA
BB_Lower,0.0001724376655178365,-6.719350066652566e-05,SQURPHARMA
BB_Upper,0.00016555828691389998,-9.261290505609355e-05,SQURPHARMA
BB_Width,0.0001519801024364797,-2.2296655323090895e-05,SQURPHARMA
Volatility_30d,0.0001497157144338163,9.696172598768527e-05,SQURPHARMA
SMA_10,0.00013553526440672427,9.385115472359734e-06,SQURPHARMA
MACD_Signal,0.00012922703150914709,3.7693101471686854e-05,SQURPHARMA
EMA_26,0.0001090825976726618,-2.6819747811707935e-05,SQURPHARMA
Returns_5d,9.68309799717582e-05,9.760657064178741e-06,SQURPHARMA
Log_Returns,9.661888738591078e-05,2.161091464968598e-05,SQURPHARMA
MACD,7.915370273449121e-05,-1.7644488866912442e-05,SQURPHARMA
SMA_20,4.180614218443525e-05,-2.97623389480107e-05,SQURPHARMA
BB_Middle,4.180614218443525e-05,-2.97623389480107e-05,SQURPHARMA
Returns_1d,3.88895341580784e-05,5.960630638680306e-06,SQURPHARMA
Volatility_60d,0.0010608161267152754,0.00015724160363470903,SUMITPOWER
Volume_SMA_20,0.0008257914271956593,-0.0003274495878450362,SUMITPOWER
Returns_5d,0.0007809178222914952,-0.00010532008508921427,SUMITPOWER
Volume_Ratio,0.0006628566034648752,-5.780749661520872e-05,SUMITPOWER
Volatility_30d,0.0006416489140071984,4.365333338120708e-05,SUMITPOWER
SMA_200,0.0006366480234286137,-0.00010233411994920401,SUMITPOWER
SMA_100,0.0005805558408230054,0.0005069924542010661,SUMITPOWER
BB_Width,0.0005492175399590903,-8.43441199353435e-05,SUMITPOWER
Log_Returns,0.00045238168994083864,-1.8023675268014794e-05,SUMITPOWER
BB_Lower,0.0004502429349568776,-0.0003979399802561532,SUMITPOWER
RSI_14,0.0004134708482172567,8.821142201556293e-06,SUMITPOWER
MACD,0.00037904917632274304,0.00013443065505679746,SUMITPOWER
Returns_1d,0.0003679078344471774,7.779254772548701e-05,SUMITPOWER
BB_Position,0.0003550669239398649,-0.0001318253224008673,SUMITPOWER
MACD_Histogram,0.00034391127467973064,-0.00010090682640830965,SUMITPOWER
Returns_20d,0.00034308981969844923,1.9032800649852424e-05,SUMITPOWER
ATR_14,0.0003069740998179963,-2.499650227400804e-05,SUMITPOWER
MACD_Signal,0.0002801881745045628,1.3293307975127412e-06,SUMITPOWER
EMA_26,0.0002293497865475233,-0.00011518428897003865,SUMITPOWER
SMA_5,0.00022602228824320235,-9.37335949772299e-05,SUMITPOWER
SMA_50,0.0002063873442605135,-0.00018813496020385234,SUMITPOWER
EMA_50,0.00019498043526211412,-0.00012551800586887887,SUMITPOWER
BB_Upper,0.0001835488533778994,-8.126134328640719e-05,SUMITPOWER
EMA_12,0.0001582467003062865,-6.192924106814626e-05,SUMITPOWER
SMA_10,0.0001418366957149265,3.747726819240731e-05,SUMITPOWER
SMA_20,9.216094833880852e-05,-3.406692033799037e-05,SUMITPOWER
BB_Middle,8.179130505347508e-05,-3.349730168895024e-05,SUMITPOWER
EMA_50,0.0008267775459595855,2.9736723483417877e-05,TITASGAS
MACD_Signal,0.0008143438359509028,1.7150696869581277e-06,TITASGAS
Volume_SMA_20,0.0005034497282067753,-0.0001441710649089726,TITASGAS
Returns_20d,0.00033628863974208967,0.00010228679943200452,TITASGAS
SMA_10,0.00028844526368096814,7.337554792997606e-05,TITASGAS
BB_Position,0.00019178063149022942,2.545920191710761e-05,TITASGAS
Volatility_60d,0.00018470994531342936,4.035060533551854e-05,TITASGAS
RSI_14,0.00015848299983881303,2.346058916006789e-05,TITASGAS
Volatility_30d,0.00012520759015533642,1.9642992983291122e-05,TITASGAS
ATR_14,0.00012335121828937231,3.1559604918196406e-05,TITASGAS
Log_Returns,5.9683217386902395e-05,2.718036021368635e-06,TITASGAS
SMA_50,5.319291086159425e-05,2.1051593721386937e-05,TITASGAS
SMA_100,4.952385894842739e-05,3.032778785612916e-05,TITASGAS
BB_Width,4.012078742036557e-05,1.1925007965114132e-05,TITASGAS
Returns_5d,3.326741929638207e-05,-1.16235864189294e-06,TITASGAS
SMA_5,3.177171855645672e-05,1.9228245694297182e-05,TITASGAS
Returns_1d,3.1758080212118235e-05,3.5377853679063763e-06,TITASGAS
SMA_200,3.1639877447892624e-05,1.7649028755940557e-05,TITASGAS
BB_Lower,2.8713029196877644e-05,2.4308175758355042e-05,TITASGAS
Volume_Ratio,2.6710087875909095e-05,1.317568015822888e-06,TITASGAS
EMA_12,2.6211296833703197e-05,1.4757039746240346e-05,TITASGAS
EMA_26,2.298928683739114e-05,1.7894303097209825e-05,TITASGAS
BB_Upper,2.158317744803053e-05,2.111302895278089e-05,TITASGAS
MACD,1.5185716674397858e-05,1.919555896744558e-06,TITASGAS
SMA_20,1.053863124561645e-05,8.565603973254219e-06,TITASGAS
BB_Middle,1.053863124561645e-05,8.565603973254219e-06,TITASGAS
MACD_Histogram,8.71887376080058e-06,-8.582975178638968e-08,TITASGAS
Volume_SMA_20,0.0011492933345754123,0.0004413422262065821,UNILEVER
Volatility_60d,0.0008251781157644062,-0.00023198688286783168,UNILEVER
BB_Width,0.0006014082148939196,0.0005173443342141612,UNILEVER
Volume_Ratio,0.0005934909096534729,7.071083198798413e-05,UNILEVER
Volatility_30d,0.0005462747120801603,0.00018759653802097776,UNILEVER
MACD_Histogram,0.0005413949688248551,0.00022735377998130913,UNILEVER
Returns_20d,0.00039825469213014363,-2.9716442025466385e-05,UNILEVER
RSI_14,0.00038286812689391277,0.00010314022124143546,UNILEVER
BB_Upper,0.00034800516077396074,0.00029813282850690197,UNILEVER
BB_Position,0.0003403077972958834,-4.912905876117147e-05,UNILEVER
ATR_14,0.0002983500652455826,-0.00019171976119211186,UNILEVER
Returns_5d,0.0002977722198613362,-2.8283944184088936e-05,UNILEVER
SMA_50,0.00028862682825503243,-0.0002805475841646565,UNILEVER
SMA_200,0.0002646358938388807,0.00014350699006972383,UNILEVER
MACD_Signal,0.00026025988204271425,2.468655384535729e-05,UNILEVER
MACD,0.00025299128171335614,7.728376597377086e-05,UNILEVER
Log_Returns,0.00022227311708925487,6.82973714983553e-07,UNILEVER
SMA_100,0.00021518991935531365,0.00013258109822690512,UNILEVER
Returns_1d,0.00020744896143138486,1.1311143139973787e-05,UNILEVER
EMA_12,0.00020001375941917771,-0.00018825696281260225,UNILEVER
BB_Lower,0.00018107633501735504,4.1817737539846765e-05,UNILEVER
EMA_26,0.00017453882986091018,0.00015331309389957648,UNILEVER
SMA_5,0.00014722870155511254,2.1606969574074056e-05,UNILEVER
SMA_10,0.00010887837723908221,8.000576088227513e-05,UNILEVER
EMA_50,0.00010268507643992576,6.965797550302435e-05,UNILEVER
BB_Middle,9.556108850793353e-05,3.158704037664695e-05,UNILEVER
SMA_20,6.156796728799477e-05,7.023606068298546e-06,UNILEVER
BB_Upper,0.0016805628076549868,-0.0016746502248417016,WALTONHIL
SMA_50,0.001252301793483203,-0.001252301793483203,WALTONHIL
Returns_5d,0.0008537731731304198,-8.472420962092188e-05,WALTONHIL
EMA_12,0.0007956444086446426,-0.0007956444086446426,WALTONHIL
SMA_200,0.000733788714163374,0.000733788714163374,WALTONHIL
Returns_1d,0.0007110815020753926,-0.00014812916410152842,WALTONHIL
BB_Width,0.0007106146854598239,0.0006523438474649758,WALTONHIL
Volume_SMA_20,0.0006681268306938675,-0.00032845815802816895,WALTONHIL
RSI_14,0.000601320400158387,-2.168109507226436e-06,WALTONHIL
Volume_Ratio,0.0005353441295061109,-5.0736813025746834e-05,WALTONHIL
MACD_Signal,0.0005242179797938719,-0.00012542187123998564,WALTONHIL
Volatility_30d,0.0005233463530167337,0.00017437244610771615,WALTONHIL
MACD_Histogram,0.0005094701234899912,-0.00028882713639442924,WALTONHIL
BB_Position,0.00046791759342737846,-8.034681286397793e-05,WALTONHIL
Volatility_60d,0.00045618208846092274,0.00021697726867079322,WALTONHIL
MACD,0.00043363112349746103,-5.5108686855902044e-05,WALTONHIL
Returns_20d,0.000398813189087841,-1.2454314888705005e-05,WALTONHIL
ATR_14,0.00037540506831990896,0.0003035214007178541,WALTONHIL
EMA_50,0.0002674669129044927,0.0002674669129044927,WALTONHIL
SMA_20,0.00024695029558518573,0.0002131114675617782,WALTONHIL
BB_Lower,0.00023022392480298858,-0.00012399750758277481,WALTONHIL
SMA_10,0.00021286647658324648,-0.0001747720723387004,WALTONHIL
Log_Returns,0.00011757870731184224,-4.157183485153653e-06,WALTONHIL
SMA_100,0.00011474127679105764,4.6070166329078736e-05,WALTONHIL
EMA_26,0.00011133591154283067,-0.00010715997556473279,WALTONHIL
SMA_5,0.00010714120181622229,-8.88996129062881e-05,WALTONHIL
BB_Middle,2.993831770162343e-05,-2.431595229052794e-05,WALTONHIL
