feature,shap_value,feature_value,stock,sample_idx
Returns_5d,0.0010900208726525307,-0.0583166536621773,ACI,0
Volatility_30d,0.0009512775577604771,0.172637644812386,ACI,0
BB_Position,0.0008242879412136972,-0.1058802205268619,ACI,0
RSI_14,-0.0008123951847665012,32.73640814223134,ACI,0
Returns_20d,-0.000712315144483,-0.0450667400577955,ACI,0
Returns_1d,0.0005265703657642007,-0.0080583200814765,ACI,0
SMA_100,0.0005235862918198109,575.6813,ACI,0
BB_Width,-0.00038394462899304926,49.39260102265257,ACI,0
MACD,-0.0003534248098731041,-2.9391690481796786,ACI,0
MACD_Signal,-0.00023417909687850624,1.7491783778231316,ACI,0
ATR_14,-0.0013618326047435403,12.034999999999991,ACI,1
BB_Width,0.0011256897123530507,41.5265677290256,ACI,1
SMA_200,-0.0007412873674184084,635.75475,ACI,1
SMA_100,0.0006417869008146226,695.1389999999999,ACI,1
Volume_Ratio,0.0006395815289579332,0.8301263527383607,ACI,1
Returns_1d,-0.0005626163328997791,-0.0019112699472437,ACI,1
BB_Position,0.0005096601671539247,0.7544274804733051,ACI,1
MACD_Signal,0.00035649497294798493,3.2093446823882403,ACI,1
BB_Lower,0.0003253970935475081,731.1012161354871,ACI,1
MACD,0.0002767318510450423,3.80721587474045,ACI,1
Returns_1d,0.000704228354152292,-0.010529146776037,ACI,2
ATR_14,-0.0006093866541050375,14.252857142857156,ACI,2
MACD_Histogram,-0.0005657387082464993,-2.218640029216619,ACI,2
SMA_100,0.0005080811097286642,635.6275,ACI,2
Volume_SMA_20,-0.0003775504301302135,538108.9,ACI,2
RSI_14,0.0003389483317732811,65.62775330396482,ACI,2
Volatility_60d,-0.000311701325699687,0.1765629320593126,ACI,2
BB_Width,-0.00030077897827140987,120.93312817633024,ACI,2
BB_Lower,0.0002759818162303418,665.7854359118348,ACI,2
MACD,-0.00025674462085589767,20.72027526984664,ACI,2
Returns_1d,-0.0010226124431937933,0.0180102762411156,ACI,3
Volume_SMA_20,0.0008094623917713761,460569.3,ACI,3
ATR_14,-0.0007850203546695411,9.470714285714289,ACI,3
BB_Lower,-0.0005640136660076678,484.28166266877054,ACI,3
Returns_5d,0.00038532225880771875,0.0377596087162825,ACI,3
MACD_Histogram,0.0003785118169616908,2.0806025070054748,ACI,3
MACD_Signal,-0.0003689309232868254,15.78148579467332,ACI,3
BB_Width,0.0003560208424460143,93.42467466245898,ACI,3
Returns_20d,0.0003543349157553166,0.1194165009744669,ACI,3
MACD,-0.0003398435073904693,17.862088301678796,ACI,3
MACD_Histogram,0.0007297382690012455,2.6254215704644004,ACI,4
ATR_14,-0.0004548566066659987,10.700000000000014,ACI,4
Returns_1d,-0.00040901589090935886,0.0103612790443587,ACI,4
RSI_14,0.0003972389968112111,81.6708094671998,ACI,4
BB_Position,-0.0003619739436544478,0.8775822548376607,ACI,4
BB_Width,-0.00035367984673939645,85.75747293506134,ACI,4
BB_Lower,-0.0003346647717989981,479.5907635324692,ACI,4
MACD,-0.00030377774965018034,16.939777011210936,ACI,4
SMA_200,0.0002977431286126375,461.4852,ACI,4
MACD_Signal,-0.000250698474701494,14.314355440746535,ACI,4
Returns_5d,0.0005916512016373222,0.0929457602788885,BANKASIA,0
Volatility_60d,0.000572528140456165,0.2763030800534688,BANKASIA,0
Returns_20d,0.00045377425497200065,0.0093267682984565,BANKASIA,0
RSI_14,0.0002604033205586636,73.11285029033075,BANKASIA,0
SMA_100,-0.00022384865377467634,197.004,BANKASIA,0
Volume_SMA_20,-0.000222112342599405,533915.25,BANKASIA,0
EMA_50,-0.00021737812241958869,201.2686820737881,BANKASIA,0
BB_Position,0.00017188307851178635,0.9811499789874492,BANKASIA,0
SMA_200,-0.00016213366164250268,197.80815,BANKASIA,0
SMA_10,0.00013416994402937692,200.933,BANKASIA,0
SMA_10,-0.00043475861462180125,185.479,BANKASIA,1
Returns_5d,0.00038169455575689376,-0.0121307729967906,BANKASIA,1
RSI_14,0.00027085337317074077,48.58452413049338,BANKASIA,1
Volatility_60d,-0.000268192856866481,0.2313545481409484,BANKASIA,1
Volume_SMA_20,0.00019990656014058422,502068.05,BANKASIA,1
SMA_100,0.00014165699440948955,193.0588,BANKASIA,1
Volume_Ratio,0.00011172648141255672,1.9415356145446816,BANKASIA,1
BB_Position,-9.6134362815658e-05,0.128242260061635,BANKASIA,1
EMA_50,7.98636876047719e-05,187.49216620531735,BANKASIA,1
Returns_20d,5.152773193157047e-05,-0.047469184369263,BANKASIA,1
Volatility_60d,-0.0006899413901897229,0.2073055165844188,BANKASIA,2
Log_Returns,-0.00024030202151221328,-0.0239274880705593,BANKASIA,2
Returns_5d,-0.00023337636682954253,-0.037899935580846,BANKASIA,2
SMA_100,0.00021269126610528563,201.81800000000004,BANKASIA,2
SMA_10,0.00013426181535592985,184.317,BANKASIA,2
Returns_1d,-0.0001167020096573716,-0.0236434953148834,BANKASIA,2
ATR_14,-0.00010178377483363929,3.135714285714286,BANKASIA,2
EMA_50,9.146928599262861e-05,192.51677319137016,BANKASIA,2
SMA_50,8.988590481797284e-05,192.6154,BANKASIA,2
MACD_Signal,8.65333304989006e-05,-3.128181023299106,BANKASIA,2
Returns_5d,0.0006779394355929209,0.0072163956509188,BANKASIA,3
RSI_14,-0.00048009307928063177,36.10744165565833,BANKASIA,3
Returns_20d,-0.0004784972704347896,0.0151280062063614,BANKASIA,3
SMA_100,0.0003707514682559699,231.1016,BANKASIA,3
SMA_10,-0.00034009317396926995,210.952,BANKASIA,3
Volatility_60d,-0.00018298076684193686,0.2392423690981091,BANKASIA,3
EMA_50,0.00016981903815817167,217.42900576031545,BANKASIA,3
SMA_5,0.0001568518538745384,208.21,BANKASIA,3
Volatility_30d,-0.00012819236415271737,0.2424328942297063,BANKASIA,3
Volume_SMA_20,-9.743140081416293e-05,510327.75,BANKASIA,3
SMA_100,0.00037349982875223064,232.6371,BANKASIA,4
SMA_10,-0.00031088953181299144,212.4,BANKASIA,4
Volume_SMA_20,-0.0003065195811199741,542157.6,BANKASIA,4
Volatility_60d,-0.00024324952997778872,0.2389473785098157,BANKASIA,4
EMA_50,0.00014006345462449666,218.53816575671365,BANKASIA,4
Volatility_30d,-0.00011150004388373557,0.2498301755300783,BANKASIA,4
BB_Position,-9.608211255814792e-05,0.3035406185660774,BANKASIA,4
EMA_12,-8.374925883047524e-05,210.97923230903703,BANKASIA,4
MACD_Signal,6.632842958982421e-05,-2.272352749763788,BANKASIA,4
Returns_5d,-6.051108774917291e-05,-0.0352859135285913,BANKASIA,4
Returns_20d,0.0005050752562362847,-0.046845605574839,BATBC,0
Returns_5d,0.0003538359186718001,-0.014843215117075,BATBC,0
Volume_SMA_20,0.00031116985842564093,540049.7,BATBC,0
RSI_14,0.00014432748317388597,28.687660087388835,BATBC,0
SMA_100,-0.00012587128822234378,366.8216,BATBC,0
Volume_Ratio,0.00011181873447640132,0.5750415193268323,BATBC,0
BB_Position,9.757596276019039e-05,0.1432079196029202,BATBC,0
EMA_50,-8.23670274429586e-05,376.6187121358564,BATBC,0
EMA_26,-7.889303457312113e-05,375.4607085352119,BATBC,0
Log_Returns,-7.698858560261768e-05,-0.0135842393707904,BATBC,0
Returns_20d,0.0004926213619508687,-0.0895670729924873,BATBC,1
BB_Width,-0.00045556904258768204,81.96793547674281,BATBC,1
Volume_SMA_20,-0.00033950506593685746,445042.75,BATBC,1
BB_Upper,-0.00029389936934295317,378.3404677383714,BATBC,1
RSI_14,0.00024283721462976067,13.650349650349582,BATBC,1
BB_Lower,-0.00019594786132986992,296.3725322616286,BATBC,1
SMA_200,-0.0001746549004747515,352.67510000000004,BATBC,1
Volume_Ratio,-0.00014769530603129578,1.1859579781942295,BATBC,1
BB_Position,-0.00012299867806923838,0.1839434853479922,BATBC,1
Volatility_60d,-0.0001105746515616872,0.2761726152011773,BATBC,1
Returns_5d,-0.0006730234061832372,-0.0420641435729044,BATBC,2
Volatility_60d,-0.0003971686005516101,0.228925655008615,BATBC,2
Volume_Ratio,0.00028003035770004825,0.2675425918558737,BATBC,2
SMA_50,-0.00016974024365746547,344.4766,BATBC,2
Volume_SMA_20,0.00016638866820893562,516680.35,BATBC,2
SMA_100,-0.0001589288248589326,337.9132,BATBC,2
SMA_200,-0.00013451316445807195,353.1628,BATBC,2
BB_Position,0.0001254020548860903,0.1129200549720823,BATBC,2
EMA_50,-8.221241919217451e-05,346.2594656653569,BATBC,2
Returns_20d,-8.147174571186406e-05,-0.0524709505809882,BATBC,2
Volume_SMA_20,0.0005487248569477467,572157.05,BATBC,3
BB_Position,-0.0003907089249737494,0.9886399380438172,BATBC,3
Returns_5d,0.00034053810075772056,0.0363228699551569,BATBC,3
RSI_14,0.000265925349789427,60.04574914220358,BATBC,3
Volatility_30d,0.00024546165691508915,0.2361152862533541,BATBC,3
Volatility_60d,-0.00022269391593207556,0.2454143480117048,BATBC,3
BB_Width,9.182869736914213e-05,27.81495932242285,BATBC,3
SMA_10,-8.678764649916384e-05,314.868,BATBC,3
SMA_200,8.142953392525126e-05,304.3603,BATBC,3
SMA_100,8.023975783517389e-05,298.3867,BATBC,3
Volatility_30d,0.0004638890560912032,0.232031814842156,BATBC,4
Volume_SMA_20,0.00023726758084927904,537306.1,BATBC,4
Volatility_60d,-0.00019439386215784854,0.2419624501645843,BATBC,4
Returns_20d,0.00012737761125103386,0.0853935727523864,BATBC,4
EMA_50,0.00011991596412216706,296.83655353563887,BATBC,4
Log_Returns,-0.00010660091655903153,-0.0084375149671004,BATBC,4
SMA_200,0.00010417226816961557,303.7783,BATBC,4
MACD_Signal,9.35906575379987e-05,7.907418359947528,BATBC,4
Returns_5d,8.864667412220123e-05,-0.0010298992629783,BATBC,4
SMA_100,8.48088355910543e-05,297.7173,BATBC,4
SMA_200,-0.001147643495750926,54.74065,BEXIMCO,0
SMA_50,0.0011206046085460795,65.7966,BEXIMCO,0
ATR_14,-0.0008285327443928391,1.9271428571428564,BEXIMCO,0
Returns_20d,-0.0006125558584130243,0.0566343042071195,BEXIMCO,0
SMA_10,0.0004226379031548423,71.12100000000001,BEXIMCO,0
Volatility_30d,0.0003918513609367821,0.2744527926384587,BEXIMCO,0
EMA_50,-0.00032637192422588506,66.76105895277685,BEXIMCO,0
SMA_100,-0.00023910914767279401,62.4664,BEXIMCO,0
Volume_Ratio,-0.00020806992206886675,0.9661664868897296,BEXIMCO,0
BB_Lower,-0.00019181815979685924,65.84771838597015,BEXIMCO,0
SMA_200,-0.001008101714080692,69.08850000000001,BEXIMCO,1
Volatility_30d,-0.0006969136198948596,0.3488206529205112,BEXIMCO,1
Volatility_60d,-0.0006283122309102909,0.3201289632455321,BEXIMCO,1
ATR_14,-0.0006097589270113056,1.851428571428571,BEXIMCO,1
EMA_50,-0.0004977358980053877,65.65504793797261,BEXIMCO,1
SMA_50,0.00041511176647014274,65.8564,BEXIMCO,1
Volume_Ratio,0.0004131060025175214,0.1810194694807529,BEXIMCO,1
BB_Position,0.0003941276857316444,0.9501846741827568,BEXIMCO,1
SMA_10,0.0002758418429031878,64.639,BEXIMCO,1
SMA_100,-0.0001966799457445904,69.59360000000001,BEXIMCO,1
SMA_10,-0.0009473012650365823,69.862,BEXIMCO,2
SMA_5,-0.0008950878568679428,68.9,BEXIMCO,2
Returns_20d,0.0007564964619510555,-0.0817931576877705,BEXIMCO,2
RSI_14,-0.0005254646155767946,37.51399776035831,BEXIMCO,2
Volume_Ratio,-0.0005225872551512918,1.7506884804881675,BEXIMCO,2
Volatility_30d,0.00042797211710311213,0.3031502043419999,BEXIMCO,2
ATR_14,-0.00037910082851044607,2.6328571428571417,BEXIMCO,2
BB_Position,0.0003581744499886004,0.3094309090380284,BEXIMCO,2
BB_Upper,-0.0002720561128244719,78.61103930161066,BEXIMCO,2
EMA_12,-0.00026363946438272073,70.617251201112,BEXIMCO,2
SMA_200,-0.0010094194292654807,36.88725,BEXIMCO,3
Volatility_30d,-0.0007806523428925563,0.4145112644802406,BEXIMCO,3
SMA_50,0.0007200889686926873,40.209,BEXIMCO,3
SMA_10,-0.00033257847177683026,37.148,BEXIMCO,3
ATR_14,-0.00028680796811782986,1.3242857142857132,BEXIMCO,3
Returns_20d,0.00023903219406703168,0.0061973227565692,BEXIMCO,3
BB_Position,-0.0002228584443778376,1.031577314272892,BEXIMCO,3
Volume_Ratio,0.0002066928418252644,0.4673840346550406,BEXIMCO,3
MACD_Signal,0.00018039711478965348,-1.180706464639593,BEXIMCO,3
Returns_5d,0.0001614601573267712,0.1360201511335015,BEXIMCO,3
SMA_200,-0.0010314252133346127,36.65965,BEXIMCO,4
Volatility_30d,-0.0006798123972742702,0.3859950152917323,BEXIMCO,4
SMA_50,0.0006691240762764371,40.338,BEXIMCO,4
ATR_14,-0.000553611478393353,1.1507142857142851,BEXIMCO,4
SMA_10,-0.0005458942499601102,36.355,BEXIMCO,4
SMA_5,-0.0004706247876804626,36.09,BEXIMCO,4
Volume_Ratio,-0.0004562010629895831,1.5233684918861627,BEXIMCO,4
RSI_14,-0.0004299075011649778,47.92719919110213,BEXIMCO,4
SMA_100,-0.0002236522612944351,41.081900000000005,BEXIMCO,4
BB_Position,0.00021234310015683458,0.4535948669779003,BEXIMCO,4
Volume_SMA_20,0.0006177577245853789,309634.4,BEXPHARMA,0
ATR_14,0.00036799833557497874,4.063571428571428,BEXPHARMA,0
Volume_Ratio,-0.00032661488764065523,1.0469928405887716,BEXPHARMA,0
Returns_20d,-0.00030524949643008373,-0.0522945570971183,BEXPHARMA,0
SMA_10,0.00028000411956361686,117.15600000000002,BEXPHARMA,0
RSI_14,-0.00023835993605536825,46.140081799591016,BEXPHARMA,0
Volatility_30d,-0.0001844166928614201,0.3320732750103864,BEXPHARMA,0
Returns_1d,0.00015583822580359343,-0.0254252789464056,BEXPHARMA,0
SMA_50,-0.00013877657233058648,110.9964,BEXPHARMA,0
Returns_5d,0.0001329695913130963,-0.1370961211434124,BEXPHARMA,0
Returns_20d,-0.000927541203578317,-0.0775948941887807,BEXPHARMA,1
ATR_14,0.000697887908269654,2.870714285714289,BEXPHARMA,1
Volatility_30d,-0.0006787945458986462,0.2499939486408869,BEXPHARMA,1
SMA_10,0.0003953030465369896,82.97099999999999,BEXPHARMA,1
Volume_SMA_20,0.000389925054599943,379715.15,BEXPHARMA,1
Volume_Ratio,0.0002601419937565783,0.8424262239734179,BEXPHARMA,1
RSI_14,-0.0002525658030446149,46.4325529542921,BEXPHARMA,1
BB_Position,0.00023195974736482975,0.2429899453109525,BEXPHARMA,1
SMA_5,0.00019709771678711797,82.91,BEXPHARMA,1
EMA_12,0.00010659729465462913,83.46500718965042,BEXPHARMA,1
Volume_Ratio,-0.001285757512610201,1.9382642694668812,BEXPHARMA,2
Returns_20d,0.0005223776346176654,0.0298052100445904,BEXPHARMA,2
SMA_5,0.0005183219663096781,89.168,BEXPHARMA,2
Volatility_30d,0.0003750134322778307,0.3759813760165548,BEXPHARMA,2
ATR_14,-0.0003347701478511188,2.4692857142857148,BEXPHARMA,2
Volume_SMA_20,0.00031953017450683796,382632.55,BEXPHARMA,2
SMA_10,-0.00026030070011576087,88.023,BEXPHARMA,2
Returns_1d,-0.00025468406057126266,0.0165643461137496,BEXPHARMA,2
BB_Position,-0.0002042412520718439,0.7044222699640766,BEXPHARMA,2
RSI_14,0.00013343695863735116,63.4380453752182,BEXPHARMA,2
Returns_20d,0.001081263529114597,0.0611116695145239,BEXPHARMA,3
SMA_5,0.00048533970783466425,106.83,BEXPHARMA,3
Volatility_30d,0.00032594281084632614,0.3574345201720236,BEXPHARMA,3
BB_Position,-0.00028583565250532166,0.7728305117636504,BEXPHARMA,3
SMA_100,0.00026493638459535183,93.3739,BEXPHARMA,3
SMA_50,0.00025760453048077604,103.9692,BEXPHARMA,3
Returns_1d,0.00025733444366088723,-0.0076142131979695,BEXPHARMA,3
Volume_SMA_20,-0.0002532107830502245,553977.35,BEXPHARMA,3
SMA_200,0.0002138455183476105,83.2217,BEXPHARMA,3
EMA_50,0.0001992462056223066,100.80859854208582,BEXPHARMA,3
Volume_Ratio,-0.0011213162497782534,1.8994465946503571,BEXPHARMA,4
Returns_20d,0.0009532217038590584,0.0782686036169582,BEXPHARMA,4
BB_Position,-0.00044402803279664323,1.1187614790897455,BEXPHARMA,4
SMA_50,0.00030183513349819603,103.786,BEXPHARMA,4
SMA_10,0.0002934446164350405,101.212,BEXPHARMA,4
SMA_100,0.0002726387461512255,92.4659,BEXPHARMA,4
SMA_5,0.00023021930763689194,104.52,BEXPHARMA,4
SMA_200,0.0002259076631547791,82.72715,BEXPHARMA,4
EMA_50,0.00022245662236239697,100.1405076558766,BEXPHARMA,4
Returns_1d,-0.00021507108782765045,0.0209600449143818,BEXPHARMA,4
BB_Position,-0.0005966001097070241,0.6911183983285282,BRACBANK,0
Volatility_60d,0.0003572989775081285,0.2658064363940053,BRACBANK,0
Returns_1d,-0.00020784959215258616,0.0002465787202563,BRACBANK,0
Log_Returns,-0.0001772760640522343,0.0002465483247202,BRACBANK,0
BB_Width,0.00016958397205297073,5.771291564007157,BRACBANK,0
MACD_Histogram,-0.00016648877839115287,0.7441347983619653,BRACBANK,0
SMA_5,0.0001483667840813317,81.668,BRACBANK,0
Returns_20d,0.00012764638408544244,-0.0118148599269183,BRACBANK,0
BB_Lower,0.00011109667766392952,77.14135421799642,BRACBANK,0
Volume_SMA_20,-0.0001043029475833472,465447.25,BRACBANK,0
SMA_5,-0.001251163596003752,92.508,BRACBANK,1
Returns_20d,-0.0007760032006167255,0.2017364657814098,BRACBANK,1
BB_Position,0.0005967289430499283,0.7366021883153969,BRACBANK,1
Volatility_30d,-0.00045526347001047403,0.2481271087170813,BRACBANK,1
SMA_200,-0.00034633261135298064,85.41234999999999,BRACBANK,1
BB_Width,-0.0003114889206965754,19.744111553916724,BRACBANK,1
BB_Lower,-0.0002904461964231738,79.57644422304163,BRACBANK,1
EMA_12,-0.00027621803056934204,91.70139500079064,BRACBANK,1
RSI_14,-0.0002730028674786217,65.89327146171698,BRACBANK,1
SMA_10,-0.00018571745548755296,92.849,BRACBANK,1
Returns_1d,0.0008209216197050473,0.03125,BRACBANK,2
Log_Returns,0.0006944927673609862,0.0307716586667536,BRACBANK,2
Returns_20d,-0.0006716623461888621,0.1217105263157896,BRACBANK,2
BB_Position,0.00041911951316227995,0.5271103169525785,BRACBANK,2
SMA_200,-0.0002820879712874734,90.2735,BRACBANK,2
RSI_14,-0.00016965323955003982,51.2358393408857,BRACBANK,2
SMA_5,0.00015867547875620075,82.03800000000001,BRACBANK,2
Volatility_30d,0.0001448722801810189,0.3396000269621214,BRACBANK,2
MACD_Histogram,8.685025794433599e-05,-0.0083911519674053,BRACBANK,2
Volatility_60d,-8.604872779676212e-05,0.3297285426031777,BRACBANK,2
SMA_200,0.0006727056073455499,114.1269,BRACBANK,3
Volatility_60d,-0.0004277992822079189,0.3154803801494346,BRACBANK,3
BB_Width,-0.0003900893724680318,28.921138435780502,BRACBANK,3
BB_Position,-0.0003828575363332559,0.1322585978551238,BRACBANK,3
MACD_Histogram,0.00038068394219317904,-1.313338691919868,BRACBANK,3
Volatility_30d,-0.00037876815664434786,0.2833248573561572,BRACBANK,3
BB_Lower,-0.0002625415370587315,97.13493078210972,BRACBANK,3
Returns_1d,0.00024332087027615973,0.0084906602736989,BRACBANK,3
Returns_20d,-0.00022623396518570233,-0.0897123794067261,BRACBANK,3
Log_Returns,0.00020221251117092818,0.0084548173615107,BRACBANK,3
BB_Position,-0.0005980436027827702,0.0151623045918446,BRACBANK,4
MACD_Histogram,0.0005500046163010384,-1.4807278255336462,BRACBANK,4
SMA_200,0.0005437211336993472,114.0794,BRACBANK,4
Volatility_60d,-0.00035037446040603933,0.31680293876604,BRACBANK,4
Returns_1d,-0.00034302274975844,-0.0149181905678538,BRACBANK,4
Log_Returns,-0.00028490611992702667,-0.0150305859978832,BRACBANK,4
Volatility_30d,-0.00024903097343955007,0.2873725700831091,BRACBANK,4
BB_Width,-0.00023711994584274304,22.96954239629588,BRACBANK,4
BB_Lower,-0.00019929482646126114,102.00172880185208,BRACBANK,4
Returns_5d,0.0001831583654025716,-0.0665754673962609,BRACBANK,4
Volatility_30d,0.0004051369021855067,0.257349752722549,BSCCL,0
SMA_50,-0.00027923539586767774,122.894,BSCCL,0
Returns_1d,-0.00025214620908153244,-0.0076935804103241,BSCCL,0
BB_Position,-0.00024240645908402445,0.4642763031173845,BSCCL,0
Volume_Ratio,-0.00022163819657085694,0.8742112326185649,BSCCL,0
Log_Returns,-0.0001698355673999815,-0.0077233286787804,BSCCL,0
Volume_SMA_20,0.00016784956167482067,532349.6,BSCCL,0
RSI_14,-0.00015862871430376204,55.1751592356688,BSCCL,0
ATR_14,0.00011015338172487143,2.950714285714287,BSCCL,0
SMA_10,-7.052015214562148e-05,122.019,BSCCL,0
BB_Position,-0.000858302085201514,0.1740972174294049,BSCCL,1
Volume_Ratio,-0.0007593668522568234,0.0961849024907055,BSCCL,1
ATR_14,0.000292187743397454,2.412142857142861,BSCCL,1
Log_Returns,-0.0002347569073388157,-0.0002097535403599,BSCCL,1
Returns_5d,-0.0001786497463583771,-0.0297170771422755,BSCCL,1
SMA_50,0.00016024699261016614,99.1764,BSCCL,1
RSI_14,-0.00014208272453801766,46.26566416040102,BSCCL,1
SMA_10,0.0001375181085263274,97.19,BSCCL,1
Volume_SMA_20,-0.00011685989827038556,500795.85,BSCCL,1
Volatility_30d,-8.752540019098557e-05,0.2446796513948782,BSCCL,1
RSI_14,-0.00032079632175018285,68.92193308550185,BSCCL,2
Volume_Ratio,0.0003024511828296465,1.1843947229322942,BSCCL,2
Returns_1d,-0.0002491768941194554,-0.0010682723123239,BSCCL,2
Volume_SMA_20,0.00021650255136123307,531147.25,BSCCL,2
Volatility_60d,-0.00021601061461081145,0.2707352566460201,BSCCL,2
SMA_10,0.00013883549167619221,101.488,BSCCL,2
EMA_50,0.00013111919777354859,97.40298332448212,BSCCL,2
Volatility_30d,0.00012445766433845937,0.2516746651494906,BSCCL,2
EMA_26,0.00011715063166960635,98.19224651949747,BSCCL,2
BB_Upper,0.0001100647338295933,106.48188312532508,BSCCL,2
BB_Position,-0.0008402004373067718,0.0279954074950183,BSCCL,3
Volume_SMA_20,-0.0005913337600361975,453287.4,BSCCL,3
Volatility_60d,0.00033057902983817436,0.2156152517999194,BSCCL,3
SMA_200,-0.00013065622584380003,169.9775,BSCCL,3
SMA_100,-0.00012714589162891795,155.1554,BSCCL,3
Log_Returns,-0.00012684676512591782,-0.008768489819946,BSCCL,3
SMA_10,0.00010919489069977034,140.366,BSCCL,3
Volatility_30d,-9.552761849262678e-05,0.2310526435404378,BSCCL,3
EMA_50,-9.125293143569967e-05,148.48780615719764,BSCCL,3
BB_Upper,-6.398813587918574e-05,147.59388960688207,BSCCL,3
Volume_SMA_20,-0.0008519829570321209,420983.45,BSCCL,4
Volume_Ratio,-0.0006926113006517501,0.0422368147726472,BSCCL,4
Volatility_30d,-0.0003670650576242388,0.2193739555656022,BSCCL,4
Returns_1d,0.00036565093708921745,0.0195287624708129,BSCCL,4
Volatility_60d,0.00033769856770896425,0.2107156091468456,BSCCL,4
Returns_5d,0.00020732106177887152,0.0315721649484534,BSCCL,4
SMA_50,0.00019930875379712353,152.44179999999997,BSCCL,4
BB_Position,-0.00014373111346338216,0.5469167098174579,BSCCL,4
ATR_14,-0.00014162752088104995,2.6721428571428567,BSCCL,4
SMA_10,0.00012853684014167753,141.747,BSCCL,4
Volume_SMA_20,-0.0020594667259217717,387752.45,CUSTOMERS,0
Volume_Ratio,-0.000578300549396063,2.096466443990231,CUSTOMERS,0
SMA_100,0.00045004149064932166,326.6428,CUSTOMERS,0
EMA_50,0.0002624703977470382,290.26734494934266,CUSTOMERS,0
SMA_5,-0.00025448924936161577,269.57,CUSTOMERS,0
SMA_50,0.0001864733992775299,294.17900000000003,CUSTOMERS,0
BB_Width,-0.00018327982784070902,23.266118035009384,CUSTOMERS,0
MACD_Signal,0.00017557879429068077,-9.934016683144046,CUSTOMERS,0
MACD_Histogram,-0.0001751582663918752,2.854152457487965,CUSTOMERS,0
RSI_14,-0.00016644122309244429,48.44146429865896,CUSTOMERS,0
Log_Returns,-0.0013941658084805743,-0.0625917299642196,CUSTOMERS,1
Returns_1d,-0.000939003761807204,-0.0606731055609921,CUSTOMERS,1
Volume_SMA_20,-0.00046937669269546834,479593.4,CUSTOMERS,1
Returns_20d,-0.0004325053426427616,-0.1390968647636873,CUSTOMERS,1
Volume_Ratio,-0.0003171420401055857,1.7699680604445347,CUSTOMERS,1
SMA_5,-0.0002907567827342918,232.916,CUSTOMERS,1
SMA_50,-0.0002137833172901167,243.0376,CUSTOMERS,1
Volatility_30d,-0.0001331033656953493,0.2987857103399555,CUSTOMERS,1
SMA_10,0.00010546513448790834,232.50400000000005,CUSTOMERS,1
BB_Width,9.502436171509443e-05,45.47385039197405,CUSTOMERS,1
Volume_SMA_20,0.000604875548905804,566613.9,CUSTOMERS,2
Volatility_60d,-0.0005880421324449205,0.3122369237707559,CUSTOMERS,2
Returns_1d,-0.00042604548364934063,0.0307346326836581,CUSTOMERS,2
SMA_10,0.00032386145564435194,237.91400000000004,CUSTOMERS,2
SMA_50,0.00030096278455830753,242.9214,CUSTOMERS,2
Volume_Ratio,-0.00029600950866530103,1.5695749786583069,CUSTOMERS,2
BB_Position,-0.00027630305406883533,1.0683262879355886,CUSTOMERS,2
EMA_50,0.00025324990488953037,241.0075222088604,CUSTOMERS,2
SMA_200,0.00023910034969569605,284.40075,CUSTOMERS,2
Log_Returns,-0.0002208485087475287,0.0302717836251026,CUSTOMERS,2
Volatility_60d,-0.0011442104429439425,0.2595355813190443,CUSTOMERS,3
Volume_SMA_20,-0.00047464866157265195,483836.1,CUSTOMERS,3
Volume_Ratio,-0.00041975224406477947,1.823206246908819,CUSTOMERS,3
Returns_20d,-0.000407650781511258,-0.0382731449085764,CUSTOMERS,3
SMA_100,0.0003313538227147895,347.1236,CUSTOMERS,3
SMA_10,0.00023988720690649204,306.401,CUSTOMERS,3
SMA_50,0.00022316162955633378,328.2636,CUSTOMERS,3
Returns_5d,-0.00020767397041526465,0.0738161559888579,CUSTOMERS,3
EMA_50,0.00020097340590892343,324.5057384991834,CUSTOMERS,3
Returns_1d,-0.00019663009137439285,0.0217201590225928,CUSTOMERS,3
Volume_SMA_20,-0.0010369682666017807,426890.25,CUSTOMERS,4
Volatility_60d,-0.0009936700304546985,0.2603161496579866,CUSTOMERS,4
SMA_5,0.00044771124000223537,300.916,CUSTOMERS,4
Volume_Ratio,-0.00040220116293321535,1.7955551807519614,CUSTOMERS,4
Returns_1d,-0.0003653956149782919,0.0251314825910391,CUSTOMERS,4
SMA_100,0.00034335210649788695,348.49089999999995,CUSTOMERS,4
SMA_10,-0.0003404689397074857,305.481,CUSTOMERS,4
Returns_20d,-0.0003284509071767111,-0.07070006035003,CUSTOMERS,4
SMA_50,0.00029304970171402633,331.039,CUSTOMERS,4
RSI_14,0.00023599087999923185,48.43870967741938,CUSTOMERS,4
Returns_1d,0.0015817287205394475,0.0287992231620373,DBBL,0
Volume_SMA_20,-0.0005228156406588114,575743.7,DBBL,0
SMA_5,0.00034248707913362526,397.002,DBBL,0
EMA_50,0.00018946820559182553,440.5353864007328,DBBL,0
SMA_10,0.00017864591328212458,405.896,DBBL,0
EMA_12,0.00014652015507391728,407.6965990057248,DBBL,0
BB_Width,-0.00013699711949742978,66.61848784026381,DBBL,0
Log_Returns,-0.00013368723153029234,0.0283923194096004,DBBL,0
BB_Position,-0.00013193627842825813,0.2550679919495544,DBBL,0
SMA_200,0.00012913593895181943,494.3883,DBBL,0
SMA_200,-0.0007379964054488822,376.97705,DBBL,1
SMA_5,0.0004650596314124232,298.862,DBBL,1
BB_Position,-0.00043555265136267795,0.0706968120808867,DBBL,1
Log_Returns,0.00042598246581034086,-0.0204524110094717,DBBL,1
Volatility_30d,0.00028294177407699585,0.1872680558402507,DBBL,1
Volume_SMA_20,-0.0002759889741013144,562349.6,DBBL,1
BB_Upper,0.0002178849033833918,310.1393707633448,DBBL,1
EMA_12,0.00016956697087549817,299.70295326602763,DBBL,1
Volume_Ratio,0.0001645829951361249,1.4729449438569886,DBBL,1
EMA_26,0.00015151098924567875,303.16356892720165,DBBL,1
Returns_1d,-0.0008076882890680195,-0.0175309999389163,DBBL,2
Log_Returns,0.0006608113559584481,-0.017686487837177,DBBL,2
SMA_200,-0.0005361002956666729,408.8777,DBBL,2
Volume_Ratio,0.00022252756901531244,1.489928142073054,DBBL,2
Volatility_30d,-0.00020020739244775267,0.2282868746527852,DBBL,2
BB_Upper,0.00018225297222852717,331.7979288123357,DBBL,2
RSI_14,-0.00017313520245037226,65.48554237004846,DBBL,2
EMA_26,0.00016596754087050408,319.73585195754634,DBBL,2
EMA_50,0.00015924999657966724,326.8329819853635,DBBL,2
EMA_12,0.0001582338296794092,321.3870794851647,DBBL,2
BB_Position,0.00047109762512577717,0.9237302067772344,DBBL,3
SMA_200,0.00041181425593191887,587.11195,DBBL,3
Volume_Ratio,-0.0003626425500492136,0.268940438334907,DBBL,3
SMA_5,-0.0001800523208145379,571.384,DBBL,3
Volume_SMA_20,-0.00015053447644499578,495429.4,DBBL,3
BB_Width,0.00014809370291789925,25.39823649074401,DBBL,3
EMA_50,0.00010430025340103666,574.0273207074559,DBBL,3
Volatility_30d,0.00010249585916481251,0.1769166520724743,DBBL,3
Returns_1d,-0.00010244519066163215,0.0062167273746147,DBBL,3
Log_Returns,-9.595995188166497e-05,0.0061974832408292,DBBL,3
Returns_1d,-0.0005237404149953165,-0.0081693084828428,DBBL,4
SMA_200,0.00036720144925867106,586.5991,DBBL,4
Volume_SMA_20,-0.00034277311204416756,527893.9,DBBL,4
BB_Position,0.00018846188137505693,0.7744186159252285,DBBL,4
Log_Returns,0.00016529520008698358,-0.0082028601375407,DBBL,4
BB_Width,0.00010895996725667268,32.1242783412406,DBBL,4
RSI_14,-0.00010189250895960484,64.55602732139562,DBBL,4
Volatility_30d,9.181724708490452e-05,0.1808660677654643,DBBL,4
Volume_Ratio,-7.496201325190243e-05,0.7991795320991585,DBBL,4
SMA_100,6.053871212252502e-05,601.1084,DBBL,4
Returns_1d,-0.0004950325993007473,-0.0091393116169874,DSEX,0
Volatility_60d,0.0004519772825255664,0.19258405676249,DSEX,0
Log_Returns,0.00022814157801341882,-0.0091813313422564,DSEX,0
Volume_Ratio,-0.00021462422174627915,0.4750069146035034,DSEX,0
ATR_14,0.0001772557496867096,3.289285714285715,DSEX,0
Volume_SMA_20,-0.0001650517801016294,502921.1,DSEX,0
EMA_50,0.00011097693892292753,231.9190074678956,DSEX,0
SMA_200,8.704254321349056e-05,222.6385,DSEX,0
BB_Position,7.79644861103486e-05,0.278617735581462,DSEX,0
MACD_Signal,7.07942864996418e-05,4.296980973402343,DSEX,0
Volume_SMA_20,0.0007416197701402472,360008.3,DSEX,1
Returns_1d,-0.00039863694618463196,0.0029168863117201,DSEX,1
ATR_14,-0.00039796355501171664,4.924999999999995,DSEX,1
Volatility_60d,-0.0003877938858179897,0.1505231717346344,DSEX,1
SMA_10,-0.00029550103467889505,288.53900000000004,DSEX,1
Log_Returns,-0.00019568209158705584,0.0029126404532961,DSEX,1
Volume_Ratio,0.0001887553693411594,1.5764414320447613,DSEX,1
EMA_50,9.279472094511081e-05,275.6231885931409,DSEX,1
SMA_200,9.115373089775653e-05,245.6219,DSEX,1
SMA_100,9.087853249576406e-05,259.1608,DSEX,1
Volume_SMA_20,-0.0003269933709640826,543551.05,DSEX,2
Volume_Ratio,0.00020478325548069004,1.6331805448632652,DSEX,2
ATR_14,0.00019516625982250832,3.2435714285714323,DSEX,2
Log_Returns,0.00016061559085669814,-0.0063766088423623,DSEX,2
Returns_1d,-0.00014740943566975498,-0.0063563214167616,DSEX,2
Volatility_60d,-0.0001399762730564828,0.1496347752646413,DSEX,2
RSI_14,-0.00013765356094609812,77.45302713987478,DSEX,2
Volatility_30d,-0.00012903245082820854,0.1176894960058135,DSEX,2
SMA_5,-7.086036153849202e-05,271.108,DSEX,2
Returns_20d,-6.410053870755628e-05,0.0583907326236692,DSEX,2
Log_Returns,-0.0013628371055611857,0.0138734112935863,DSEX,3
Returns_1d,0.0009817610706239607,0.0139700936513684,DSEX,3
Volatility_60d,0.0005170932187009624,0.2049075624755894,DSEX,3
Volume_Ratio,0.0002775369338781828,1.902297199642486,DSEX,3
SMA_10,0.00018831750669719496,194.384,DSEX,3
ATR_14,-0.0001236344261983871,3.374285714285711,DSEX,3
SMA_100,9.301835687668038e-05,197.5409,DSEX,3
EMA_50,8.984689207034845e-05,195.58663384429173,DSEX,3
Volume_SMA_20,-7.855372654885784e-05,484400.65,DSEX,3
SMA_50,7.335125921180459e-05,194.4118,DSEX,3
Log_Returns,-0.00046124445661906404,0.0052318543631742,DSEX,4
Volatility_60d,0.00043093552786296375,0.2018789618316791,DSEX,4
SMA_50,0.00014183114186078704,194.8896,DSEX,4
SMA_10,-8.799719253034196e-05,194.166,DSEX,4
Volume_Ratio,6.718634074222242e-05,1.2533757716577112,DSEX,4
BB_Position,6.70554397782081e-05,0.4583180159979113,DSEX,4
SMA_100,6.61648605478857e-05,197.846,DSEX,4
BB_Upper,5.1996535794780865e-05,202.07825763119288,DSEX,4
ATR_14,-5.168924178216395e-05,3.24714285714286,DSEX,4
RSI_14,-4.90456118269262e-05,49.82698961937716,DSEX,4
Volume_SMA_20,-0.0005847773148014513,603370.15,DUTCHBANGL,0
BB_Position,0.0004137688366846553,0.2310320705307122,DUTCHBANGL,0
Volatility_30d,-0.00027580641015618177,0.1514356671529986,DUTCHBANGL,0
Returns_5d,-0.00027478587596079147,-0.0095989137246709,DUTCHBANGL,0
SMA_50,-0.00022838044189112464,976.8398,DUTCHBANGL,0
EMA_50,-0.00017329069084878244,964.8808072036444,DUTCHBANGL,0
MACD_Signal,-0.00016304183394489193,-6.316209065834882,DUTCHBANGL,0
BB_Upper,-0.00015549226455464116,1023.7122135517212,DUTCHBANGL,0
MACD_Histogram,-0.00015221223168771457,-4.554770102374492,DUTCHBANGL,0
Returns_1d,0.00010801450721793378,0.0056635591332845,DUTCHBANGL,0
BB_Position,-0.0009027280119892772,1.0462599717103724,DUTCHBANGL,1
MACD_Histogram,-0.0005484071075972925,4.2755681229629285,DUTCHBANGL,1
EMA_12,0.0005123619367747987,1100.802570990087,DUTCHBANGL,1
Returns_5d,0.0003763365223936867,0.0600417536534447,DUTCHBANGL,1
MACD,0.0003657041123566932,19.2476612802252,DUTCHBANGL,1
Returns_1d,0.00023434030049774958,0.0152853562732169,DUTCHBANGL,1
Volatility_30d,-0.00022299052279880545,0.172739031659222,DUTCHBANGL,1
Volume_SMA_20,0.00013727320533841016,444216.35,DUTCHBANGL,1
ATR_14,0.0001340106011094897,18.129999999999963,DUTCHBANGL,1
SMA_5,-0.00010680081815276534,1110.752,DUTCHBANGL,1
EMA_12,0.0003235022200882982,1041.8653158931963,DUTCHBANGL,2
SMA_50,-0.00025995703442096305,1034.0002,DUTCHBANGL,2
MACD_Histogram,-0.00025146426740898744,3.299748573766204,DUTCHBANGL,2
MACD,0.00024302782513098685,4.835772053911569,DUTCHBANGL,2
BB_Position,-0.00023348372078803629,0.860100753884922,DUTCHBANGL,2
EMA_26,-8.63541009238156e-05,1037.0295438392848,DUTCHBANGL,2
Returns_5d,-8.553470697042549e-05,0.0009959686981266,DUTCHBANGL,2
Log_Returns,-7.87010674854371e-05,0.002704307187193,DUTCHBANGL,2
RSI_14,7.3631609664658e-05,73.0334233625928,DUTCHBANGL,2
ATR_14,-7.10102090732182e-05,15.622857142857152,DUTCHBANGL,2
ATR_14,0.0003594901131818067,15.065714285714291,DUTCHBANGL,3
SMA_10,-0.00033420012386491756,787.223,DUTCHBANGL,3
BB_Position,0.00016890966503214574,0.7155974285042074,DUTCHBANGL,3
Volume_Ratio,-0.0001495819172838397,0.2019551023271686,DUTCHBANGL,3
MACD_Histogram,-0.00011836829164999012,2.043707939054592,DUTCHBANGL,3
BB_Upper,0.00010095625306347667,802.5626557440695,DUTCHBANGL,3
SMA_50,8.805817924900327e-05,786.6936000000001,DUTCHBANGL,3
Volatility_30d,8.510770968035751e-05,0.1753667325644509,DUTCHBANGL,3
MACD,-7.59785684350913e-05,2.384656590213467,DUTCHBANGL,3
Returns_5d,7.504566991775712e-05,-0.0110706664993097,DUTCHBANGL,3
Volatility_30d,0.0002910946958791708,0.1667602350808223,DUTCHBANGL,4
MACD,-0.0002870280588284353,2.177715393861604,DUTCHBANGL,4
ATR_14,0.00023527558747464983,13.495000000000005,DUTCHBANGL,4
Volume_SMA_20,0.00019579405715175816,477814.95,DUTCHBANGL,4
BB_Position,-0.00016399119581992326,0.7744403516025142,DUTCHBANGL,4
SMA_50,0.00015551624369254265,787.8288,DUTCHBANGL,4
SMA_5,0.00015358343921740439,791.932,DUTCHBANGL,4
Returns_1d,0.00015056505164601095,0.00852447266025,DUTCHBANGL,4
Log_Returns,-0.00011806474611147252,0.0084883445135901,DUTCHBANGL,4
EMA_12,-0.00011172784956277174,782.1358137117113,DUTCHBANGL,4
Volume_Ratio,-0.0010855162085935486,0.6381248042225545,EBL,0
Returns_20d,-0.0009165756000214275,0.157942238267148,EBL,0
RSI_14,0.0005603974540195952,66.30036630036628,EBL,0
Returns_5d,-0.0003022445001987023,-0.0353383458646616,EBL,0
Volatility_30d,-0.00016004964522491755,0.3561936311537033,EBL,0
SMA_5,0.00012213893442303454,12.918,EBL,0
SMA_10,0.00011952058776387373,12.944,EBL,0
SMA_50,0.00011369758712984273,11.883200000000002,EBL,0
EMA_12,0.00010141058621286774,12.748241032897912,EBL,0
MACD_Signal,9.341572376152814e-05,0.303807065366153,EBL,0
Volume_Ratio,-0.0016105774452999139,0.0739558734982787,EBL,1
BB_Position,-0.0003947601350339445,0.0016268270764689,EBL,1
RSI_14,-0.0003058709149241952,29.55326460481095,EBL,1
Volatility_30d,-0.0002551827328660357,0.4006196026912522,EBL,1
Returns_5d,-0.00020484424944585612,-0.0535714285714287,EBL,1
Volatility_60d,-0.00019538228248183547,0.4469458677998865,EBL,1
Returns_20d,-9.858599623352705e-05,-0.0719844357976654,EBL,1
SMA_100,-6.498832016002186e-05,10.753800000000002,EBL,1
ATR_14,-6.20530165757313e-05,0.3649999999999998,EBL,1
BB_Width,6.009994420098252e-05,1.755712481205844,EBL,1
Volume_Ratio,-0.0010421268637789644,0.3373595976283353,EBL,2
Returns_20d,0.0003790119958838046,-0.0990825688073394,EBL,2
BB_Position,-0.00030723465719553376,0.1617363785965944,EBL,2
Returns_5d,-0.0001424163199598223,-0.032512315270936,EBL,2
RSI_14,-0.00010996165451893731,36.26062322946178,EBL,2
Returns_1d,-9.556770028232436e-05,0.0325972660357518,EBL,2
Volatility_30d,7.524184458968116e-05,0.4311950232890519,EBL,2
SMA_5,5.3092412776747054e-05,9.812,EBL,2
BB_Lower,-4.516621876265542e-05,9.51518761453699,EBL,2
Log_Returns,3.293168449092023e-05,0.0320772458090755,EBL,2
RSI_14,-0.0010514697415201157,16.710182767624005,EBL,3
Returns_20d,0.0005655957929444329,-0.154118404118404,EBL,3
Log_Returns,-0.0003589201969530813,-0.0439058613653926,EBL,3
Volume_Ratio,-0.0002730233563807325,0.7237719946418867,EBL,3
Returns_1d,-0.0002609614486918872,-0.0429559519475791,EBL,3
SMA_5,-0.00018126162270463473,26.82,EBL,3
Volume_SMA_20,0.00014445716187915116,403089.65,EBL,3
BB_Position,-0.00013468698253175367,0.1004837324930715,EBL,3
SMA_10,-0.00012204318787637107,27.698,EBL,3
ATR_14,-8.783812079772601e-05,1.060714285714285,EBL,3
Returns_20d,0.0009037082479374267,-0.1981217812784005,EBL,4
Returns_5d,-0.00041200432286934215,-0.1021031207598371,EBL,4
Volume_Ratio,-0.00038238560213954163,0.6519497210164588,EBL,4
RSI_14,-0.00023780927642231414,27.36572890025572,EBL,4
Log_Returns,-0.00023717443042295513,-0.0345309971550146,EBL,4
SMA_5,-0.0002244766379157484,27.498,EBL,4
BB_Position,-0.00022318660502701628,-0.028093674571976,EBL,4
Returns_1d,-0.00018992628093235017,-0.033941605839416,EBL,4
Volume_SMA_20,0.0001842599612597945,376133.3,EBL,4
Volatility_30d,-0.00017372777240823962,0.3708825196889544,EBL,4
SMA_200,0.000701860017250912,191.4684,GP,0
Returns_5d,-0.0005802970058239919,0.026527191816448,GP,0
Volume_Ratio,-0.0005243668675383706,0.6196211465271914,GP,0
BB_Position,0.0005221210435117677,0.2925697759487058,GP,0
Volatility_30d,-0.0003989902850616673,0.4298027076316068,GP,0
Returns_20d,-0.000347595143729772,-0.0264196448147335,GP,0
Volatility_60d,0.00034614514916812746,0.3981509500794252,GP,0
EMA_50,0.0002965155712765532,177.6360132599076,GP,0
SMA_100,0.0002374856729922011,175.41350000000003,GP,0
SMA_5,0.00020675144355699433,176.768,GP,0
SMA_200,0.0010265971210651518,221.9866,GP,1
Volume_Ratio,-0.0008778156036806945,0.3393023633707638,GP,1
Returns_20d,-0.0005763859526914411,0.0422950447896586,GP,1
SMA_50,0.0003933276047802367,266.4728,GP,1
Log_Returns,-0.0003450532972058592,-0.0247138397313949,GP,1
Volatility_30d,-0.00029113783525845476,0.3942862712663603,GP,1
EMA_50,0.0002578928468937446,264.3497298854248,GP,1
SMA_100,0.00023578622307592647,262.0177,GP,1
BB_Position,-0.0001947281928464481,0.8080569580594752,GP,1
Returns_5d,0.00014967375289670832,0.0216738912970988,GP,1
Volume_Ratio,0.0011932498781080094,1.5099532624196346,GP,2
Returns_20d,-0.0010590991093459906,-0.059663213309486,GP,2
Volatility_60d,-0.0008415883268116445,0.2988600104862554,GP,2
RSI_14,0.000729587864951768,67.20047449584817,GP,2
SMA_200,0.0005934462384303196,207.85640000000004,GP,2
SMA_50,0.0002900792115003007,272.5648,GP,2
SMA_100,0.00024911816725457417,241.5816,GP,2
Returns_5d,0.00019487096512999815,-0.0150577922307448,GP,2
EMA_50,0.00014609640323712877,268.71886320626083,GP,2
SMA_10,0.00013314450122230075,280.969,GP,2
BB_Position,0.0008686164909647475,0.0087802590348297,GP,3
Volatility_60d,-0.0007916408095620777,0.3332463908380137,GP,3
Returns_20d,0.00045773057209121343,-0.0360218579234973,GP,3
Volatility_30d,-0.0004482382695112203,0.392257183468995,GP,3
Returns_5d,0.0003232029862454349,-0.0643669382213171,GP,3
Volume_SMA_20,0.00020267372443089548,580253.3,GP,3
SMA_50,0.00018777356824180573,244.0234,GP,3
SMA_10,-0.00012225289813638384,236.361,GP,3
EMA_50,-0.00011787838775197265,240.8593699164972,GP,3
BB_Upper,0.00010105737183514074,247.82394790311548,GP,3
Volatility_60d,-0.0013489621806442925,0.3189500613223117,GP,4
BB_Position,-0.0009867883775158991,0.7993094496168122,GP,4
Volume_Ratio,0.0008669783110532119,1.574610697493973,GP,4
SMA_50,0.0007598263450027927,244.113,GP,4
Returns_5d,0.0006650111002474073,-0.0043624989711087,GP,4
Volatility_30d,-0.0005716812111548752,0.391422981940092,GP,4
Returns_20d,0.0004098971231391817,0.0318177940800135,GP,4
Returns_1d,0.0003950149564722105,0.0087986322505315,GP,4
RSI_14,-0.00037710526886480713,53.24238128986534,GP,4
Log_Returns,0.00034886507476465347,0.0087601498493859,GP,4
Log_Returns,0.0010648718447269915,-0.0424700253127713,HEIDELBCEM,0
Returns_5d,-0.0003234733977422538,-0.0123615956317307,HEIDELBCEM,0
Volatility_60d,0.00023107918479597315,0.2694956011237535,HEIDELBCEM,0
Returns_1d,0.00022435981708355764,-0.0415808065940536,HEIDELBCEM,0
Volume_Ratio,-0.00021875850360795183,1.509410753255715,HEIDELBCEM,0
SMA_200,-0.0001350940758187266,127.58060000000002,HEIDELBCEM,0
Returns_20d,0.00012454988006814846,-0.107585828822038,HEIDELBCEM,0
BB_Position,-0.00011945835270023398,0.1542319533403999,HEIDELBCEM,0
ATR_14,6.204454349359646e-05,3.79785714285714,HEIDELBCEM,0
EMA_26,5.927188612300267e-05,136.39257733161085,HEIDELBCEM,0
Volume_SMA_20,-0.0003270055331230995,441704.0,HEIDELBCEM,1
Returns_5d,0.00029032596953887233,-0.0055999496633739,HEIDELBCEM,1
Volume_Ratio,0.00016559166007093493,0.1414703059062177,HEIDELBCEM,1
Log_Returns,-0.00016211530679519163,0.0133127224893777,HEIDELBCEM,1
SMA_5,-0.00011010568105904937,155.678,HEIDELBCEM,1
SMA_100,-9.125122036408138e-05,150.2551,HEIDELBCEM,1
ATR_14,8.257311963866633e-05,3.839285714285716,HEIDELBCEM,1
BB_Position,7.831041339907203e-05,0.5110562503086998,HEIDELBCEM,1
Returns_20d,6.315272923867912e-05,-0.0371633971000365,HEIDELBCEM,1
Returns_1d,6.2120047341849e-05,0.0134017313241423,HEIDELBCEM,1
BB_Position,-0.0002763938726869789,0.1792200536778498,HEIDELBCEM,2
Returns_1d,-0.00025849366361167293,-0.0082231432142622,HEIDELBCEM,2
Returns_5d,-0.00025453535343624394,-0.010826061282068,HEIDELBCEM,2
Volume_SMA_20,-0.00020831271544542555,446250.85,HEIDELBCEM,2
Returns_20d,-0.00012907687221257367,0.0261366730193302,HEIDELBCEM,2
SMA_50,0.00010442263936226448,151.3458,HEIDELBCEM,2
Log_Returns,-9.227954780543116e-05,-0.0082571397569933,HEIDELBCEM,2
BB_Width,-6.338095979161018e-05,12.6348297219605,HEIDELBCEM,2
EMA_50,5.375659751696301e-05,149.6342440706892,HEIDELBCEM,2
SMA_5,-5.193515729666744e-05,151.69,HEIDELBCEM,2
Returns_1d,-0.00032412328548096867,0.0018487542917509,HEIDELBCEM,3
Returns_5d,-0.00030561325069682126,0.0273539767084951,HEIDELBCEM,3
Volatility_60d,0.00020426576444001988,0.273178178549712,HEIDELBCEM,3
Returns_20d,-0.00019593674362463552,0.1205198897203623,HEIDELBCEM,3
Volume_SMA_20,0.00018286091703516392,539193.6,HEIDELBCEM,3
SMA_50,0.00015356076190507095,106.432,HEIDELBCEM,3
SMA_200,-9.774858129693771e-05,100.3065,HEIDELBCEM,3
Log_Returns,-8.640928733153993e-05,0.0018470474489001,HEIDELBCEM,3
SMA_10,8.290382964226047e-05,111.872,HEIDELBCEM,3
BB_Position,-8.08143977264643e-05,0.7086785134206205,HEIDELBCEM,3
Returns_1d,-0.0002984068899483039,-0.0155329405463309,HEIDELBCEM,4
Volume_Ratio,0.00017539787759391013,0.1038537863406001,HEIDELBCEM,4
Returns_5d,0.00017141544966506293,-0.0153571428571428,HEIDELBCEM,4
Volatility_60d,0.00016480164674017922,0.2735690841560598,HEIDELBCEM,4
Log_Returns,0.00015465147482264928,-0.0156548406260901,HEIDELBCEM,4
SMA_5,-0.00013570125369942844,110.918,HEIDELBCEM,4
Returns_20d,-0.00012257660967721578,0.0792718731650028,HEIDELBCEM,4
EMA_50,8.872191968825537e-05,107.065567697809,HEIDELBCEM,4
BB_Upper,8.519021818962635e-05,118.58934514128744,HEIDELBCEM,4
SMA_10,-8.192340275748515e-05,112.722,HEIDELBCEM,4
Returns_5d,-0.0008907634972284507,0.071969696969697,ISLAMI BANK,0
Volume_SMA_20,0.0006790372443006313,568524.75,ISLAMI BANK,0
Log_Returns,-0.0004512952893218163,0.0396448313472401,ISLAMI BANK,0
Returns_1d,-0.00036558698091549314,0.040441176470588,ISLAMI BANK,0
Volume_Ratio,0.00020510126429683226,0.9199581900348226,ISLAMI BANK,0
SMA_200,0.00015286095260035103,2.60575,ISLAMI BANK,0
SMA_5,-0.000130933341737608,2.724,ISLAMI BANK,0
BB_Position,-0.00011381982097915067,0.5760641162790425,ISLAMI BANK,0
SMA_100,0.00010993991924900471,2.4408000000000003,ISLAMI BANK,0
EMA_50,9.571033504508828e-05,2.677535558559227,ISLAMI BANK,0
Log_Returns,0.0012149834810563347,-0.0539052648362024,ISLAMI BANK,1
Returns_1d,0.0011029068316493677,-0.0524781341107871,ISLAMI BANK,1
Returns_5d,0.0007286262805453957,-0.1120218579234972,ISLAMI BANK,1
Volume_Ratio,-0.0004360001081544424,1.141695742079838,ISLAMI BANK,1
BB_Position,0.00019447447880421018,-0.1251646274238726,ISLAMI BANK,1
ATR_14,0.00014920837756557056,0.1564285714285715,ISLAMI BANK,1
Returns_20d,0.00014278407862016454,-0.0524781341107871,ISLAMI BANK,1
Volume_SMA_20,0.00012997270783803982,515756.5,ISLAMI BANK,1
Volatility_30d,-0.0001198794013240901,0.4740288020388746,ISLAMI BANK,1
RSI_14,7.804918774825806e-05,30.232558139534905,ISLAMI BANK,1
Volume_Ratio,-0.0015325535783957723,2.105500373979161,ISLAMI BANK,2
Returns_5d,-0.0008371411750040152,0.1088235294117647,ISLAMI BANK,2
Volatility_30d,-0.0006576850294831588,0.4740119866291148,ISLAMI BANK,2
Volume_SMA_20,-0.00051825220947901,433981.4,ISLAMI BANK,2
Returns_1d,-0.00027687272097385717,0.0189189189189189,ISLAMI BANK,2
Log_Returns,-0.00026872329195855424,0.0187421818097406,ISLAMI BANK,2
BB_Position,-0.00017926335381817954,1.0265287716967886,ISLAMI BANK,2
Returns_20d,-0.00016624942946548828,0.0161725067385445,ISLAMI BANK,2
Volatility_60d,-0.00016268079814527752,0.4297673992959229,ISLAMI BANK,2
SMA_5,-0.00011581546784385493,3.614,ISLAMI BANK,2
Returns_5d,0.0007812668331241333,-0.0985074626865671,ISLAMI BANK,3
Log_Returns,-0.0004759528335813749,0.0,ISLAMI BANK,3
Returns_1d,-0.0003931109650868006,0.0,ISLAMI BANK,3
Volume_SMA_20,-0.000250606638161446,479797.7,ISLAMI BANK,3
Volatility_30d,-0.00023641401845338585,0.4696254645862612,ISLAMI BANK,3
Volume_Ratio,-0.00017722614085923687,0.990469524968544,ISLAMI BANK,3
BB_Position,0.00012848327322308986,0.0637000117660571,ISLAMI BANK,3
EMA_50,0.00011285529249153775,3.3080780591711267,ISLAMI BANK,3
Returns_20d,0.00010040498255392129,-0.0650154798761609,ISLAMI BANK,3
RSI_14,7.001574228911604e-05,35.63218390804596,ISLAMI BANK,3
Log_Returns,0.0019097418828635986,-0.0687770984793175,ISLAMI BANK,4
Returns_1d,0.0017173578386829676,-0.0664652567975832,ISLAMI BANK,4
Volatility_30d,-0.0005593081188344433,0.4863806638678875,ISLAMI BANK,4
Returns_5d,0.00021119204682384365,-0.0776119402985074,ISLAMI BANK,4
Returns_20d,0.0001594251155915298,-0.034375,ISLAMI BANK,4
BB_Position,0.00014948643360214675,-0.0890685928287731,ISLAMI BANK,4
EMA_50,0.00014111451594073514,3.345628629458041,ISLAMI BANK,4
SMA_200,0.000138897138291832,3.41185,ISLAMI BANK,4
ATR_14,9.322904148112736e-05,0.1414285714285713,ISLAMI BANK,4
Volatility_60d,-8.658757910637066e-05,0.4670852843594117,ISLAMI BANK,4
BB_Position,0.0007348543243987569,0.946967145859621,JAMUNAOIL,0
SMA_100,-0.0005223509293165291,440.9654,JAMUNAOIL,0
BB_Width,-0.0005131160047454735,85.94255831963187,JAMUNAOIL,0
BB_Lower,-0.000499082047903997,415.26522084018416,JAMUNAOIL,0
SMA_10,-0.00042104020034394295,475.697,JAMUNAOIL,0
EMA_50,-0.0003445914985884216,448.5489304794784,JAMUNAOIL,0
Volatility_30d,0.00033375926516028445,0.1979394967370426,JAMUNAOIL,0
BB_Upper,-0.00033039619269171317,501.207779159816,JAMUNAOIL,0
ATR_14,-0.0002850557939779606,8.674285714285714,JAMUNAOIL,0
Volatility_60d,-0.00016233102617034144,0.2247426329447092,JAMUNAOIL,0
SMA_5,-0.00019648068395421452,591.982,JAMUNAOIL,1
Volatility_30d,-0.00018489693245097466,0.2488937275816123,JAMUNAOIL,1
BB_Lower,0.00017747588691332616,573.5504516140269,JAMUNAOIL,1
SMA_10,0.00017058487637934514,594.198,JAMUNAOIL,1
RSI_14,0.0001645603693125865,36.22093023255808,JAMUNAOIL,1
Volume_SMA_20,-0.00015596150159086295,427206.45,JAMUNAOIL,1
Returns_1d,-0.00013925675099528916,-0.0023823299186603,JAMUNAOIL,1
Volatility_60d,-0.00013101347888867668,0.2267161217556551,JAMUNAOIL,1
SMA_100,0.0001287529577487351,547.5601,JAMUNAOIL,1
BB_Width,0.00012592299738361034,51.03809677194613,JAMUNAOIL,1
ATR_14,0.00045236677777713355,12.354999999999992,JAMUNAOIL,2
SMA_10,-0.0003294897181220191,541.668,JAMUNAOIL,2
BB_Position,-0.00030596274228658475,0.80850000238694,JAMUNAOIL,2
SMA_100,-0.00029889090658843085,517.9582,JAMUNAOIL,2
Volatility_30d,0.0002691137732806759,0.1968196790980754,JAMUNAOIL,2
BB_Width,0.00024656372204885744,30.899513537259736,JAMUNAOIL,2
BB_Lower,0.00023753934769357732,528.3977432313702,JAMUNAOIL,2
Returns_1d,0.00023560028680775594,0.0161592419846485,JAMUNAOIL,2
EMA_50,-0.0002284653503312369,534.4760014071753,JAMUNAOIL,2
Volatility_60d,0.00021563856909718538,0.2013921881906886,JAMUNAOIL,2
ATR_14,-0.0003710895718806999,7.054285714285713,JAMUNAOIL,3
SMA_100,-0.0003279189627919709,385.7917999999999,JAMUNAOIL,3
SMA_10,-0.0002835396202955398,430.028,JAMUNAOIL,3
Returns_1d,-0.00021997254577918663,-0.0082865233740309,JAMUNAOIL,3
EMA_50,-0.00021620301876752512,405.09620630807166,JAMUNAOIL,3
BB_Position,-0.00020359307570724761,0.6470328556498552,JAMUNAOIL,3
Volatility_30d,0.00018012599272373563,0.1963820643318758,JAMUNAOIL,3
Log_Returns,0.00013100316294888256,-0.0083210474642533,JAMUNAOIL,3
BB_Lower,-0.00010543967279441993,398.4282671339086,JAMUNAOIL,3
RSI_14,-0.00010493432847595411,60.28029093489444,JAMUNAOIL,3
SMA_100,-0.00033646184658033256,384.1627,JAMUNAOIL,4
SMA_5,-0.0002978010686316462,433.538,JAMUNAOIL,4
EMA_50,-0.00019478451662687787,402.0579731487052,JAMUNAOIL,4
ATR_14,-0.00016726743326649107,7.994285714285711,JAMUNAOIL,4
Volume_SMA_20,-0.00013277058489051497,437111.3,JAMUNAOIL,4
Volume_Ratio,-0.00011436432177718388,1.995905848235907,JAMUNAOIL,4
Returns_1d,-9.903026851338845e-05,-0.0083540827961744,JAMUNAOIL,4
RSI_14,9.846791790950131e-05,66.2565312658014,JAMUNAOIL,4
Volatility_30d,7.703975418375504e-05,0.2107317696311609,JAMUNAOIL,4
Returns_20d,6.897385859193429e-05,0.0391884312434462,JAMUNAOIL,4
SMA_10,-0.0007289152583337912,363.946,LAFARGECEM,0
SMA_50,-0.0006066745910105736,351.7982,LAFARGECEM,0
ATR_14,-0.0004511689140034997,8.86428571428572,LAFARGECEM,0
Volume_SMA_20,0.000434817040065739,616166.85,LAFARGECEM,0
RSI_14,-0.0003698329773942329,65.90992310508972,LAFARGECEM,0
EMA_12,-0.0003493838186260053,368.2417329502472,LAFARGECEM,0
EMA_26,-0.00030368174767224745,361.60967661389935,LAFARGECEM,0
SMA_5,-0.0002939217571539284,375.274,LAFARGECEM,0
Volatility_60d,0.0002862595918129876,0.3062925525616528,LAFARGECEM,0
EMA_50,-0.00020752088028473952,353.4466903037497,LAFARGECEM,0
Volatility_60d,0.0007470227584177739,0.3458070050879153,LAFARGECEM,1
Volume_SMA_20,-0.0006996412096970349,407653.1,LAFARGECEM,1
ATR_14,-0.0006123846732344384,10.351428571428569,LAFARGECEM,1
Volatility_30d,0.0005978351645502017,0.3783784476129668,LAFARGECEM,1
RSI_14,-0.0004010592880743214,51.06586826347307,LAFARGECEM,1
MACD_Signal,0.0003294746284812222,-10.94562943562836,LAFARGECEM,1
SMA_50,0.00031940073245272094,450.8958,LAFARGECEM,1
Returns_1d,-0.0003139744461164576,0.0396305991855729,LAFARGECEM,1
SMA_100,-0.0003072988613098768,475.7431,LAFARGECEM,1
BB_Upper,-0.0002812938652562631,435.6437665110871,LAFARGECEM,1
ATR_14,-0.0008264704015622641,11.481428571428577,LAFARGECEM,2
RSI_14,0.0006154218758688424,43.90701553215884,LAFARGECEM,2
BB_Lower,-0.00043563658406038533,481.8128906447525,LAFARGECEM,2
BB_Upper,-0.0004096609397161684,526.0671093552473,LAFARGECEM,2
Volatility_30d,0.00023431866476289758,0.2943178481959159,LAFARGECEM,2
Returns_5d,0.00022666954805237202,-0.0414131269569327,LAFARGECEM,2
EMA_26,-0.00021934480266179898,503.1394717186176,LAFARGECEM,2
EMA_12,-0.00021635032063956327,498.3071130351557,LAFARGECEM,2
MACD,0.00020287852052470825,-4.832358683461905,LAFARGECEM,2
BB_Middle,-0.00016856086383976632,503.94,LAFARGECEM,2
Volume_SMA_20,-0.000693226870876658,382225.45,LAFARGECEM,3
SMA_50,0.0006635549269651532,302.6672,LAFARGECEM,3
BB_Position,-0.0003517189831368922,0.1772800325350255,LAFARGECEM,3
SMA_10,-0.0003147162237358424,286.44100000000003,LAFARGECEM,3
Log_Returns,0.0001949264086658717,0.0041009744245872,LAFARGECEM,3
SMA_5,-0.00017695460664698314,285.946,LAFARGECEM,3
BB_Upper,-0.00015137681430720223,301.81430206777446,LAFARGECEM,3
ATR_14,-0.000150473206405278,6.854999999999998,LAFARGECEM,3
BB_Lower,-0.00013272376026219,279.4806979322255,LAFARGECEM,3
BB_Width,-8.273536489011723e-05,22.333604135548967,LAFARGECEM,3
Log_Returns,-0.0008073914361587018,-0.0362444882112902,LAFARGECEM,4
Volume_SMA_20,-0.0006062161264729264,366707.4,LAFARGECEM,4
SMA_50,0.000576317864106946,304.499,LAFARGECEM,4
Returns_1d,-0.0004056082248081871,-0.03559552086868,LAFARGECEM,4
BB_Position,-0.0003460722412300458,0.0978495880802717,LAFARGECEM,4
ATR_14,0.0002789316379919963,8.082142857142852,LAFARGECEM,4
RSI_14,0.0002775399961709342,42.61591299370348,LAFARGECEM,4
Volatility_30d,-0.000164568184841952,0.2663893109572554,LAFARGECEM,4
BB_Upper,-0.00011868399582889733,303.90855688883,LAFARGECEM,4
MACD_Signal,0.00011770084367198366,-4.042413108398063,LAFARGECEM,4
BB_Position,0.0010394474044378443,0.932803838111854,MARICO,0
MACD_Histogram,-0.0006285697085639617,-0.509409532622243,MARICO,0
Volatility_30d,0.0004564692811634943,0.4189517277231985,MARICO,0
ATR_14,-0.0004265605936840547,25.377142857142875,MARICO,0
RSI_14,0.000370254427977983,57.45021515060542,MARICO,0
SMA_20,0.00031591790614581103,522.2819999999999,MARICO,0
BB_Middle,0.00031591790614581103,522.2819999999999,MARICO,0
Volatility_60d,0.00028862614984145906,0.4665518984680353,MARICO,0
Volume_Ratio,0.0002706628044945973,1.0834371175300694,MARICO,0
SMA_200,0.0002697673543326255,595.20985,MARICO,0
BB_Position,0.0003542721988636576,0.9193964777195768,MARICO,1
SMA_200,-0.0002949947290828455,590.148,MARICO,1
SMA_5,-0.00027650711850737525,683.358,MARICO,1
ATR_14,-0.00020631166383653239,29.149285714285725,MARICO,1
Log_Returns,0.00019008986935811257,0.0112608430631411,MARICO,1
Returns_1d,0.00017025821705456937,0.0113244850194071,MARICO,1
SMA_10,0.00014863227420896423,664.1220000000001,MARICO,1
Returns_5d,0.00014245976919465602,0.0758714546410563,MARICO,1
BB_Lower,0.0001359204083770836,577.7994038985917,MARICO,1
EMA_26,-0.00012198903680033283,645.2020410426661,MARICO,1
BB_Position,-0.0009174226054073968,0.0589773722142821,MARICO,2
Returns_20d,0.0005898611779509659,0.0155638609605024,MARICO,2
MACD_Histogram,0.0005323633581258525,-0.9124262223622202,MARICO,2
SMA_10,0.00032966554561989706,616.406,MARICO,2
SMA_100,-0.000326396689795186,654.3226999999999,MARICO,2
BB_Middle,-0.00022065245288052708,609.479,MARICO,2
SMA_20,-0.00022065245288052708,609.479,MARICO,2
RSI_14,-0.00020951935848735788,43.96765498652292,MARICO,2
Returns_5d,-0.00020830295028295427,-0.0838609598581739,MARICO,2
SMA_200,-0.00018376841427837507,571.2959999999999,MARICO,2
SMA_200,0.0011541450451330458,939.29555,MARICO,3
Returns_20d,0.000826737457198871,0.2349725088033607,MARICO,3
Volume_Ratio,0.0007787637876139173,1.987856314753368,MARICO,3
SMA_50,0.00045719378182440545,693.883,MARICO,3
SMA_5,0.0004141770743725365,743.7,MARICO,3
SMA_100,0.0004081155129992682,707.1159000000001,MARICO,3
EMA_50,0.0003690675039214403,698.27248045236,MARICO,3
SMA_20,0.0003572836080757237,678.2144999999999,MARICO,3
BB_Middle,0.0003572836080757237,678.2144999999999,MARICO,3
BB_Position,0.0003306164725576452,1.1049840284736945,MARICO,3
SMA_200,0.0011179842239494927,950.7653,MARICO,4
Volume_Ratio,0.0007183988044218337,1.977846115075533,MARICO,4
MACD_Histogram,-0.0005204835623870664,8.73291214973285,MARICO,4
BB_Position,0.0005172292686091005,0.8077123430973234,MARICO,4
SMA_10,0.00045357961559951956,677.059,MARICO,4
BB_Middle,0.00038234262738398735,662.0355,MARICO,4
SMA_20,0.00038234262738398735,662.0355,MARICO,4
SMA_100,0.00036170102080598625,708.3157000000001,MARICO,4
EMA_50,0.00034289708637888646,688.6907030615305,MARICO,4
SMA_50,0.00033027958481024597,688.7298,MARICO,4
Returns_20d,-0.0006409683377803326,0.0055981552480968,MUTUALTRUST,0
BB_Width,0.0006309240301134336,65.87826975006828,MUTUALTRUST,0
BB_Position,-0.00036863957844409913,0.638604125983297,MUTUALTRUST,0
BB_Lower,0.0003522989521048864,1405.7498651249657,MUTUALTRUST,0
EMA_50,-0.0003047861728163808,1461.2353930695076,MUTUALTRUST,0
RSI_14,0.0002939195839285779,54.42083062946137,MUTUALTRUST,0
SMA_100,-0.00021754731170064274,1500.6934,MUTUALTRUST,0
Volatility_60d,0.000143236758327344,0.2153256679373565,MUTUALTRUST,0
ATR_14,-0.0001329569400558571,32.30142857142856,MUTUALTRUST,0
SMA_200,-0.00013052862121625328,1593.1764500000002,MUTUALTRUST,0
EMA_50,-0.0023832048767928344,1322.9590735982406,MUTUALTRUST,1
BB_Lower,0.0023112002255826526,1278.0216088679697,MUTUALTRUST,1
Returns_20d,0.002225179079988997,0.0657476823861344,MUTUALTRUST,1
BB_Width,-0.0018627840471686866,62.00878226406121,MUTUALTRUST,1
Log_Returns,-0.0012795970409254735,0.0132103323212957,MUTUALTRUST,1
RSI_14,0.0008235073901633081,51.41611082606465,MUTUALTRUST,1
SMA_100,-0.00030909745905889413,1381.5247,MUTUALTRUST,1
SMA_5,0.00028156799704212885,1315.634,MUTUALTRUST,1
SMA_10,-0.00021692986770320888,1314.695,MUTUALTRUST,1
BB_Position,-0.00020030034216326058,0.7101960323054767,MUTUALTRUST,1
EMA_50,-0.0016815334119075316,1404.9793466539393,MUTUALTRUST,2
BB_Lower,0.0015745936537582968,1341.241444734622,MUTUALTRUST,2
BB_Width,0.0007375177295807834,85.1861105307562,MUTUALTRUST,2
Returns_20d,-0.0007249047355980241,0.0097980345347765,MUTUALTRUST,2
RSI_14,0.000603633277990007,55.12563485699014,MUTUALTRUST,2
BB_Position,0.0006003733289852355,0.4427782302815645,MUTUALTRUST,2
Returns_1d,0.0005916850380369716,0.0240308926184464,MUTUALTRUST,2
ATR_14,0.0005681854645222919,21.869285714285702,MUTUALTRUST,2
Log_Returns,-0.00034928814274736184,0.0237466947349554,MUTUALTRUST,2
SMA_10,-0.00024202071042340393,1372.96,MUTUALTRUST,2
Returns_20d,0.002727978144227332,0.0107500610798925,MUTUALTRUST,3
BB_Width,-0.0024923616376596076,137.97196021798482,MUTUALTRUST,3
SMA_100,-0.0006502610072475908,1807.4628,MUTUALTRUST,3
RSI_14,-0.0002479732517705136,34.38850116317721,MUTUALTRUST,3
ATR_14,0.00022347041271170512,34.36214285714285,MUTUALTRUST,3
BB_Position,0.00022112309367278192,0.2577007679880596,MUTUALTRUST,3
SMA_200,-0.0001919574465485981,1891.32765,MUTUALTRUST,3
BB_Lower,0.0001618190530211761,1743.3545198910074,MUTUALTRUST,3
Volume_SMA_20,-0.00015861152642367734,560849.45,MUTUALTRUST,3
EMA_12,-0.00014000285660557135,1801.0692870645294,MUTUALTRUST,3
Returns_20d,0.010447514698618156,-0.0235281844038611,MUTUALTRUST,4
BB_Width,-0.009983609785372908,145.0289022232364,MUTUALTRUST,4
SMA_100,-0.0014311838736857465,1805.945,MUTUALTRUST,4
EMA_50,0.0010602839568923414,1821.2894979081432,MUTUALTRUST,4
BB_Lower,-0.0009271308979027671,1738.426048888382,MUTUALTRUST,4
RSI_14,0.0006455185243488624,44.10936032557653,MUTUALTRUST,4
Volume_SMA_20,-0.0002751211545996234,558069.15,MUTUALTRUST,4
SMA_5,0.00023161194248296244,1795.1239999999998,MUTUALTRUST,4
Volume_Ratio,-0.00022578959981163542,1.6936073244686611,MUTUALTRUST,4
Log_Returns,-0.00022315616973787178,-0.0152344996164435,MUTUALTRUST,4
EMA_12,0.0006977540951528176,501.8099963146466,NCCBANK,0
BB_Lower,-0.0006102070498367185,485.1826481383601,NCCBANK,0
MACD_Histogram,0.0005632960024051606,-2.850188225571093,NCCBANK,0
SMA_200,-0.0003594100182235518,469.3384,NCCBANK,0
SMA_10,0.00035662516090242247,504.58900000000006,NCCBANK,0
Returns_5d,0.00032313975869640167,-0.0323508410028562,NCCBANK,0
SMA_100,-0.00028771295432117577,499.4053,NCCBANK,0
ATR_14,-0.00025167010636628655,10.348571428571436,NCCBANK,0
Volatility_30d,0.0002332565456026742,0.1985944462543529,NCCBANK,0
Volatility_60d,0.0002304311625536625,0.2218801472173742,NCCBANK,0
SMA_200,0.0013205920452050005,498.239,NCCBANK,1
RSI_14,0.0009658347019389406,40.70761670761672,NCCBANK,1
Volatility_60d,-0.0007498850900277644,0.2980632235342582,NCCBANK,1
BB_Lower,0.0007455435032967213,454.4003068137298,NCCBANK,1
BB_Position,-0.0007206340858972203,0.2399802300010442,NCCBANK,1
EMA_12,-0.0006544718821450484,473.42792630097233,NCCBANK,1
MACD_Histogram,0.00054555404199203,-3.145767771626109,NCCBANK,1
SMA_10,0.0004524459448095222,474.062,NCCBANK,1
Volume_SMA_20,0.00036451283559278246,454844.45,NCCBANK,1
BB_Width,0.0003262634362976589,56.62838637254026,NCCBANK,1
Volume_SMA_20,-0.0008155729260044603,554367.05,NCCBANK,2
RSI_14,0.0006269392059318744,42.11025613998102,NCCBANK,2
SMA_10,-0.0006266804244592565,468.109,NCCBANK,2
BB_Lower,0.0004593898228797833,449.7018130529871,NCCBANK,2
EMA_12,-0.0004586931922847576,473.2288166503537,NCCBANK,2
BB_Width,0.00028216990094640995,60.22137389402576,NCCBANK,2
SMA_200,0.00023809149602651116,499.22505,NCCBANK,2
BB_Upper,0.00023207266346115702,509.9231869470129,NCCBANK,2
BB_Position,0.00016418276515238394,0.4413414246208277,NCCBANK,2
SMA_100,0.000156869720109232,500.1131,NCCBANK,2
Volume_SMA_20,-0.0008205195801899235,552947.4,NCCBANK,3
SMA_200,0.0005397683745217983,389.77235,NCCBANK,3
BB_Position,0.0005070144643817755,0.9391174109485778,NCCBANK,3
SMA_10,-0.00047898161777451916,380.201,NCCBANK,3
MACD_Histogram,-0.00040276561538986035,4.238062912773383,NCCBANK,3
Volatility_60d,0.00028511060780718033,0.2346010119595377,NCCBANK,3
BB_Width,0.0002218150566481917,62.80666471507698,NCCBANK,3
RSI_14,-0.0001646069007954715,76.34375481287549,NCCBANK,3
SMA_5,0.00011108764712460556,394.1,NCCBANK,3
Returns_20d,-0.00010235754074469403,0.0980506014102033,NCCBANK,3
Volume_SMA_20,-0.0009993331757112683,614281.1,NCCBANK,4
SMA_200,0.0006978476250609385,388.7679,NCCBANK,4
MACD_Histogram,-0.00044994007745561236,3.297982815953266,NCCBANK,4
EMA_12,-0.0004209931776983883,371.0921856721106,NCCBANK,4
Volatility_60d,0.00028669586038116476,0.2341091633583131,NCCBANK,4
SMA_10,-0.00022962227425856062,369.031,NCCBANK,4
SMA_5,-0.00017110109047884157,377.582,NCCBANK,4
BB_Lower,0.00016977259246963653,344.52809797004284,NCCBANK,4
MACD_Signal,-0.00015541226171468273,1.5238956095716487,NCCBANK,4
MACD,-0.00012696117248183438,4.821878425524915,NCCBANK,4
SMA_200,-0.0005583845517498859,46.37045,POWERGRID,0
Returns_5d,0.0004897369221403907,-0.0543344469843501,POWERGRID,0
Returns_20d,0.00028030439829590076,0.1070399341292713,POWERGRID,0
Volume_Ratio,0.0002669583551960675,1.4075996495335568,POWERGRID,0
Volume_SMA_20,0.00025334463231521036,565760.3,POWERGRID,0
RSI_14,0.00022888412559077297,63.76731301939057,POWERGRID,0
Volatility_60d,0.0002072802620184046,0.4517368598275633,POWERGRID,0
Volatility_30d,0.00011152008197227882,0.4850822446370486,POWERGRID,0
BB_Position,-0.00010635200770001466,0.6073011346889694,POWERGRID,0
SMA_100,8.85698403901333e-05,48.5457,POWERGRID,0
BB_Position,0.0009009144774008515,0.2059045663316501,POWERGRID,1
SMA_200,-0.0005732196385093398,58.88155,POWERGRID,1
RSI_14,-0.0005413530948904914,35.565312843029645,POWERGRID,1
SMA_50,0.00030683668505631495,69.9518,POWERGRID,1
Log_Returns,-0.0002117446501700621,0.0477125142855861,POWERGRID,1
SMA_10,0.00016170536310258462,65.029,POWERGRID,1
Returns_5d,0.00014375532294208716,-0.0287417826020485,POWERGRID,1
Returns_1d,-0.0001383312771796497,0.048869077100875,POWERGRID,1
SMA_5,0.00012293574649626364,63.226,POWERGRID,1
Returns_20d,-0.00011444044638859644,-0.0436549751618245,POWERGRID,1
Volume_Ratio,-0.0009835622743873196,0.1868458108364571,POWERGRID,2
BB_Position,0.0007142903988192296,0.2731836029631915,POWERGRID,2
SMA_200,-0.0006938571771412474,55.0771,POWERGRID,2
Returns_5d,0.00033506733711360866,-0.0562758989439915,POWERGRID,2
Volume_SMA_20,0.00032697742052299923,580136.1,POWERGRID,2
Volatility_60d,0.0002764787416198269,0.4457794374856328,POWERGRID,2
Returns_20d,-0.0002760260006702627,-0.0646528881823,POWERGRID,2
Log_Returns,-0.000221477011173843,0.02205445253735,POWERGRID,2
Returns_1d,-0.0001695396023080739,0.0222994497538371,POWERGRID,2
SMA_50,0.00016694524032706244,68.2688,POWERGRID,2
Returns_20d,-0.0008337631061879239,-0.0729649936735554,POWERGRID,3
SMA_200,-0.0004042287894803512,60.31385,POWERGRID,3
SMA_50,0.00029281216459636295,46.4466,POWERGRID,3
BB_Position,-0.00021860054653258433,0.6901773947037728,POWERGRID,3
Log_Returns,-0.00015715705187576237,0.0542188857886525,POWERGRID,3
SMA_100,0.00012635907022275945,49.32809999999999,POWERGRID,3
RSI_14,-0.00012483900186088977,53.62058647516457,POWERGRID,3
Returns_1d,-0.0001059566241859057,0.0557156580211335,POWERGRID,3
Volume_Ratio,9.245395776589106e-05,1.2188572718584048,POWERGRID,3
SMA_10,8.759885412710751e-05,41.324,POWERGRID,3
Returns_20d,-0.0010671939157372665,-0.1534542490319951,POWERGRID,4
Volume_Ratio,0.0009737642676687001,1.923510673132288,POWERGRID,4
Returns_5d,-0.0005923623287449575,0.0761658031088081,POWERGRID,4
RSI_14,-0.0005840725644998027,37.037037037037024,POWERGRID,4
SMA_200,-0.00041402542897585456,60.7811,POWERGRID,4
SMA_50,0.00038226003327932996,46.985,POWERGRID,4
Log_Returns,0.00016190085280701346,-0.0183666462840099,POWERGRID,4
SMA_100,0.0001608874604927349,49.8616,POWERGRID,4
SMA_10,-0.0001354421679874159,40.17,POWERGRID,4
Returns_1d,0.0001281707709475618,-0.0181990073268731,POWERGRID,4
Returns_20d,-0.00014982882625121113,-0.0081094262155634,PRIMEBANK,0
EMA_50,-0.00013817062359527388,866.0190717385352,PRIMEBANK,0
Returns_1d,0.00012239057680591672,-0.0069267805232557,PRIMEBANK,0
ATR_14,0.00011734762334532952,11.72357142857142,PRIMEBANK,0
Log_Returns,-0.00011405176216729498,-0.006950882029175,PRIMEBANK,0
EMA_26,-0.00010481186019908271,876.9963149983697,PRIMEBANK,0
SMA_10,-0.00010382710482944902,881.675,PRIMEBANK,0
BB_Lower,-0.00010183695735309168,860.4211660464606,PRIMEBANK,0
SMA_200,9.647760394239892e-05,818.7111500000001,PRIMEBANK,0
BB_Upper,-9.241199500833205e-05,896.4758339535396,PRIMEBANK,0
SMA_200,0.0006192531553925082,832.6773,PRIMEBANK,1
Returns_1d,0.000374759991825347,0.0002240674838538,PRIMEBANK,1
ATR_14,0.00034252714902320244,11.291428571428574,PRIMEBANK,1
Log_Returns,-0.00017150420977598137,0.0002240423844844,PRIMEBANK,1
Volume_SMA_20,0.00016844534563017994,353256.05,PRIMEBANK,1
Returns_20d,-0.00016791247089478463,-0.0904547306853321,PRIMEBANK,1
SMA_10,0.00016076473465386572,786.656,PRIMEBANK,1
SMA_5,-0.00016013227897493102,772.376,PRIMEBANK,1
BB_Position,-0.00015911413201398,0.0389437616936734,PRIMEBANK,1
BB_Width,0.0001106395206180912,104.828860308985,PRIMEBANK,1
Log_Returns,0.0006812871262383844,0.0160846541962624,PRIMEBANK,2
Returns_1d,-0.0006090178219624239,0.016214708604318,PRIMEBANK,2
ATR_14,-0.0005798345556581705,13.81071428571427,PRIMEBANK,2
SMA_10,-0.0003524627833465897,810.725,PRIMEBANK,2
SMA_200,0.00021755232187129216,830.99745,PRIMEBANK,2
SMA_5,0.0002035292723220109,800.512,PRIMEBANK,2
Returns_20d,0.0001972865489643496,0.0206529489660793,PRIMEBANK,2
Volume_SMA_20,-0.00010687709195561187,575952.35,PRIMEBANK,2
Volatility_30d,-8.253841694360594e-05,0.1731191780677248,PRIMEBANK,2
MACD,7.723233082629336e-05,1.5612324171994487,PRIMEBANK,2
ATR_14,-0.000590923195232095,13.598571428571429,PRIMEBANK,3
Log_Returns,0.0005333675829735122,0.0072724013550836,PRIMEBANK,3
SMA_200,0.0004926681472127473,810.9679000000001,PRIMEBANK,3
SMA_5,-0.00033952747513779765,817.7700000000001,PRIMEBANK,3
Returns_1d,-0.00028696359841610345,0.0072989094861122,PRIMEBANK,3
SMA_10,-0.0002474305609627422,808.3,PRIMEBANK,3
SMA_100,0.00017679790945724077,784.8951000000001,PRIMEBANK,3
MACD_Histogram,-9.990818036626295e-05,1.5164003055223063,PRIMEBANK,3
Volatility_30d,-8.382220257621703e-05,0.1562851175005767,PRIMEBANK,3
Returns_20d,-7.557696969603755e-05,0.0189518395902303,PRIMEBANK,3
SMA_200,0.0005767562502762342,812.04765,PRIMEBANK,4
Log_Returns,0.00024661824119548913,0.0132824273753528,PRIMEBANK,4
Returns_1d,-0.00016746563846384277,0.0133710306681811,PRIMEBANK,4
SMA_100,0.00011723674155875174,783.6616,PRIMEBANK,4
BB_Position,-8.108875562721605e-05,0.918299408720356,PRIMEBANK,4
SMA_5,-5.734647193979348e-05,808.5799999999999,PRIMEBANK,4
Volatility_30d,-5.5899205138191415e-05,0.1385366258433809,PRIMEBANK,4
BB_Lower,-5.339350567588018e-05,788.9645031174099,PRIMEBANK,4
Returns_20d,-5.244030984816791e-05,0.0290489205386021,PRIMEBANK,4
SMA_50,4.1058367727354994e-05,811.8416000000001,PRIMEBANK,4
RSI_14,-0.0007339844380119494,79.03368794326248,RENATA,0
Volume_Ratio,-0.0005755051151718595,0.2811735607689206,RENATA,0
Returns_1d,-0.00021444840623925367,-0.0004875274234175,RENATA,0
Returns_20d,-0.00010871092699904524,0.0428111224143779,RENATA,0
ATR_14,0.00010690090025792642,2.943571428571425,RENATA,0
BB_Position,9.755258681772667e-05,0.8527986716882595,RENATA,0
BB_Upper,8.500442259299081e-05,125.52031781823192,RENATA,0
EMA_26,8.181713311413913e-05,119.6112516801757,RENATA,0
BB_Lower,7.949688693622527e-05,108.46668218176808,RENATA,0
Volatility_30d,7.84641998155741e-05,0.246124933236247,RENATA,0
Volume_Ratio,0.000961092323730232,2.314906616034059,RENATA,1
Returns_1d,0.0008058574950996582,0.0308678500986192,RENATA,1
Volume_SMA_20,-0.0007347040157932062,397346.05,RENATA,1
BB_Position,0.0007194104678753458,0.9137088975538946,RENATA,1
SMA_200,0.0001873018528300382,110.1044,RENATA,1
ATR_14,0.00015944272360622337,2.337142857142856,RENATA,1
BB_Width,0.00015162951834460335,6.036853485063489,RENATA,1
RSI_14,0.0001488550398423547,53.41488277268095,RENATA,1
BB_Lower,0.00014157810066294153,99.01407325746824,RENATA,1
Returns_5d,0.00013879544761719433,0.0002870813397128,RENATA,1
Volume_Ratio,-0.0007457100511555612,0.1106313902483032,RENATA,2
Log_Returns,-0.0005295740511191681,0.0142034779338621,RENATA,2
Returns_20d,-0.00031129561666659003,-0.0737712620994267,RENATA,2
BB_Position,-0.00029877321778066,0.4055558871253501,RENATA,2
Returns_1d,0.00025323744421074573,0.0143048265925698,RENATA,2
SMA_200,0.00023547948214481482,119.58724999999998,RENATA,2
ATR_14,0.00015758798156835448,2.2064285714285705,RENATA,2
EMA_50,0.0001285437184695116,102.01360481541376,RENATA,2
SMA_100,0.00012817221287328589,103.37980000000002,RENATA,2
RSI_14,-0.00012796599063206993,47.77244688142566,RENATA,2
Log_Returns,-0.0005552718499315126,0.0110591174027954,RENATA,3
RSI_14,-0.00043854691295492905,57.24499523355577,RENATA,3
Volume_Ratio,-0.00030277180861404526,0.7114954180659063,RENATA,3
Volume_SMA_20,0.00020444167095453594,541916.35,RENATA,3
SMA_50,-0.00016278248242469805,145.278,RENATA,3
Returns_5d,0.00015903018551545982,-0.0414359111229732,RENATA,3
SMA_5,0.00014388297146001753,144.002,RENATA,3
SMA_200,0.0001289680887181824,165.2084,RENATA,3
EMA_50,0.00011435067751755035,146.79414612358545,RENATA,3
SMA_100,0.0001117586322491702,150.2721,RENATA,3
Log_Returns,0.0012537619477776003,-0.0327311946765028,RENATA,4
Volume_SMA_20,0.0004248639466773313,566006.1,RENATA,4
Returns_1d,0.0003750974353042702,-0.0322013259369502,RENATA,4
RSI_14,-0.00032513245902102595,52.51557259223769,RENATA,4
Returns_5d,0.00019297061010752807,-0.0508227176220806,RENATA,4
Returns_20d,-0.00018817237918859994,-0.0285209832948525,RENATA,4
SMA_50,-0.0001549457777372087,145.8152,RENATA,4
ATR_14,0.00011066646578838214,3.200714285714288,RENATA,4
EMA_50,0.00010201766264689406,147.2719388812462,RENATA,4
SMA_100,9.676702929248125e-05,150.6986,RENATA,4
BB_Position,0.0006771562881911546,0.7288049142216888,ROBI,0
Volume_SMA_20,0.000660709158990706,429871.85,ROBI,0
Log_Returns,0.0004951335841912757,-0.0432010924060249,ROBI,0
Returns_5d,0.00047479092016286257,0.0058519793459552,ROBI,0
SMA_200,0.00041469922967433037,37.17435,ROBI,0
SMA_50,0.00039572738232622066,30.4002,ROBI,0
Volatility_60d,0.0003219691120954311,0.5084516278704327,ROBI,0
Returns_1d,0.00030097381265721074,-0.0422812192723698,ROBI,0
SMA_10,0.00022813097987498259,28.871,ROBI,0
Volume_Ratio,-0.00020255421326348448,1.54574671498029,ROBI,0
Returns_5d,0.000703507311682083,-0.0174658621784692,ROBI,1
SMA_50,0.0006252478557012015,32.0338,ROBI,1
Returns_20d,0.0005312086244434346,-0.0388319353836593,ROBI,1
Log_Returns,-0.0004360007756311244,0.0218927221112928,ROBI,1
Volatility_60d,0.00037281623166102434,0.4924043938373039,ROBI,1
Returns_1d,-0.00033968727654389816,0.0221341261975553,ROBI,1
BB_Position,0.00019804441852628674,0.5849508735323413,ROBI,1
Volume_SMA_20,0.0001848866640132671,488543.0,ROBI,1
SMA_10,0.0001683740390431357,30.962,ROBI,1
SMA_5,0.00013708938809344645,30.892000000000003,ROBI,1
Returns_20d,-0.0026861925712469655,0.3858905165767154,ROBI,2
Volume_SMA_20,-0.001002205638653139,608172.4,ROBI,2
BB_Position,-0.0009644623158104137,0.7908729999714356,ROBI,2
Volatility_60d,-0.0006037783079964601,0.4358049323503142,ROBI,2
Returns_5d,0.00036963516988347534,0.0213068181818181,ROBI,2
SMA_10,0.00035985907542769114,34.982,ROBI,2
EMA_50,-0.0002869510557199472,29.41936170823645,ROBI,2
SMA_50,-0.0002844522190744624,27.4212,ROBI,2
RSI_14,-0.0002789535604700635,90.979381443299,ROBI,2
Returns_1d,-0.000267755424109672,0.0248004561003423,ROBI,2
Returns_1d,0.001254316722646994,0.0914790538614989,ROBI,3
Log_Returns,0.0010763760541979768,0.0875337065914764,ROBI,3
SMA_50,0.0007303661252773168,45.0368,ROBI,3
Returns_20d,0.0007262506753104037,-0.0524492825333994,ROBI,3
Volatility_60d,0.0006759335489915259,0.5450804104485811,ROBI,3
Returns_5d,0.0006017236397376,-0.0087991718426502,ROBI,3
SMA_200,0.0005974845366444196,50.1533,ROBI,3
BB_Position,-0.00035825304335777386,0.4608675306825475,ROBI,3
SMA_100,0.000277299973171097,50.6512,ROBI,3
MACD_Histogram,-0.0002452400441956432,0.1645114528453128,ROBI,3
Returns_5d,0.0010399542126724756,-0.1043322225070494,ROBI,4
SMA_200,0.0007761849594691722,50.15495,ROBI,4
Log_Returns,-0.000441339651442398,-0.0201168421543945,ROBI,4
SMA_10,0.00041319495748848366,38.049,ROBI,4
Volatility_60d,0.0004017893446895283,0.504402429985393,ROBI,4
Returns_1d,-0.0003766230555586485,-0.0199158485273492,ROBI,4
SMA_100,0.0002675704216377377,51.3865,ROBI,4
SMA_50,0.0002122376764487265,45.9662,ROBI,4
EMA_50,0.00018112750173877295,44.35701742985271,ROBI,4
Volume_Ratio,-0.00016533327868823334,1.526717128783922,ROBI,4
ATR_14,0.0007219583043467622,4.176428571428569,SIBL,0
Returns_20d,-0.0006117166284061972,-0.0214764331939751,SIBL,0
SMA_100,0.0003207272523007183,183.3348,SIBL,0
SMA_200,0.0003145973357329946,201.8335,SIBL,0
SMA_10,0.00028945630512661766,172.435,SIBL,0
Volume_SMA_20,-0.0002807388795589851,537169.85,SIBL,0
BB_Position,-0.00027593881830080785,0.5506675321337446,SIBL,0
EMA_26,0.0002615023858641656,173.62249961149115,SIBL,0
SMA_5,0.0002503277732106231,170.852,SIBL,0
EMA_50,0.00022636948850528952,178.04044874170452,SIBL,0
SMA_200,0.0008939242603434941,186.24895,SIBL,1
Volume_Ratio,0.0008669683329919257,0.2569100255038424,SIBL,1
SMA_10,0.00033211227322473534,196.515,SIBL,1
SMA_100,0.00030423322877429915,191.7096,SIBL,1
EMA_50,0.00022522780264307222,193.61594910556155,SIBL,1
EMA_26,0.00019079026551112525,194.4100920538523,SIBL,1
BB_Upper,0.00016722571213253828,203.06331375125828,SIBL,1
EMA_12,0.0001497171009096283,195.0395429613733,SIBL,1
Returns_1d,0.00013901972594869422,-0.0185194555482467,SIBL,1
SMA_5,0.00013796427391263028,194.77,SIBL,1
Returns_20d,-0.0011268971054056297,-0.0786305855161787,SIBL,2
SMA_200,0.0007971865325288283,183.92655,SIBL,2
Returns_5d,-0.0005393821585394566,0.074577413376762,SIBL,2
ATR_14,0.0005021758627626496,5.672857142857142,SIBL,2
SMA_100,0.00039424603781572587,185.59870000000004,SIBL,2
BB_Position,-0.0003419898264244496,0.5006843658198462,SIBL,2
EMA_50,0.00024630882288518294,191.01218805999807,SIBL,2
Volume_Ratio,-0.000229883037067592,0.934971498615699,SIBL,2
SMA_50,0.00021791509514991556,193.5774,SIBL,2
Returns_1d,0.0001951985621587585,-0.0287788041823165,SIBL,2
Volume_Ratio,0.0008101075190050638,0.0680214849458499,SIBL,3
Returns_20d,0.00037106355637549736,0.0478054721823482,SIBL,3
SMA_200,-0.00035267223926939916,273.99035,SIBL,3
ATR_14,0.00017574249559453112,7.750714285714285,SIBL,3
BB_Position,-0.0001677890876638818,0.4628827893060731,SIBL,3
Volume_SMA_20,-0.0001506482394220336,505516.75,SIBL,3
Returns_1d,0.00014329720145413313,-0.0200960052070621,SIBL,3
SMA_100,0.00012069691251546965,238.4154,SIBL,3
Log_Returns,0.00011749015278773486,-0.0203006766133563,SIBL,3
BB_Upper,0.00011695862495397587,258.20159527024555,SIBL,3
Returns_20d,0.0011970602886271153,0.1035274664706962,SIBL,4
ATR_14,0.0008707797786932574,7.059285714285713,SIBL,4
Volume_Ratio,0.0006617600516347565,0.3877353756843828,SIBL,4
SMA_10,0.0005146088766679361,246.55,SIBL,4
SMA_200,-0.000394531152558077,275.30735,SIBL,4
Volume_SMA_20,-0.00034481300471042673,553336.15,SIBL,4
Returns_5d,0.00023585293938857663,-0.0272480667233492,SIBL,4
BB_Position,-0.0001912440081739738,0.5145195692152599,SIBL,4
EMA_12,0.0001510225969023521,241.6521293855272,SIBL,4
Returns_1d,-0.0001440216169773603,0.0190439835432836,SIBL,4
BB_Position,-0.0019081350707811952,0.7936005350517737,SQURPHARMA,0
SMA_100,0.0016381127288668915,1752.0664,SQURPHARMA,0
EMA_50,0.0015488786376434544,1731.9479565856882,SQURPHARMA,0
Volatility_60d,-0.001013178342984227,0.2276660594072082,SQURPHARMA,0
MACD_Histogram,-0.0008645689768278213,17.50837517057051,SQURPHARMA,0
SMA_5,-0.0006377708116054048,1855.056,SQURPHARMA,0
EMA_12,0.0005816684566664599,1797.2598014565378,SQURPHARMA,0
Volume_SMA_20,-0.0003672184879507218,512254.25,SQURPHARMA,0
ATR_14,-0.0003559155826561066,35.50714285714285,SQURPHARMA,0
Returns_20d,-0.0003208973977611571,0.1745536454943399,SQURPHARMA,0
SMA_100,-0.004435189767389569,1947.3049,SQURPHARMA,1
BB_Position,0.004226113155449112,0.5436866655582647,SQURPHARMA,1
MACD_Histogram,0.0014754928309593436,-7.4962351377280605,SQURPHARMA,1
EMA_12,-0.0011262885861719736,1940.5786179105648,SQURPHARMA,1
SMA_5,0.0007177277782390258,1906.068,SQURPHARMA,1
Volatility_60d,-0.0007151825633107734,0.2006741084392788,SQURPHARMA,1
Returns_20d,-0.00026466378309868415,-0.0134921702564408,SQURPHARMA,1
SMA_10,-0.0002518130743750263,1936.236,SQURPHARMA,1
SMA_50,-0.00021855661901881197,1939.5098,SQURPHARMA,1
ATR_14,0.00021346414409695303,40.05571428571427,SQURPHARMA,1
Volatility_60d,-0.0030472668805721055,0.1833482666840033,SQURPHARMA,2
SMA_100,-0.002255800328522042,1948.3315,SQURPHARMA,2
EMA_50,0.0022508068221194057,1922.7016442295176,SQURPHARMA,2
BB_Position,0.0018500695021602795,0.6349399864425899,SQURPHARMA,2
MACD_Histogram,0.0006442922747091183,3.109214009599924,SQURPHARMA,2
ATR_14,-0.000615159900699885,32.042142857142835,SQURPHARMA,2
BB_Upper,-0.0003333600655081828,1937.0494070688285,SQURPHARMA,2
EMA_12,-0.00025977202052868175,1900.444679889279,SQURPHARMA,2
EMA_26,-0.00021684747589053883,1910.5507571342007,SQURPHARMA,2
Volatility_30d,-0.00021317594568332366,0.1884225963898126,SQURPHARMA,2
SMA_100,-0.0027330773886526647,1898.3977,SQURPHARMA,3
BB_Position,0.002006636673216952,0.3279276079489204,SQURPHARMA,3
SMA_200,-0.0008537209541222119,2188.0331,SQURPHARMA,3
MACD_Histogram,0.0007311927363520737,6.420873493361682,SQURPHARMA,3
Volume_SMA_20,-0.0005882694816479591,531644.05,SQURPHARMA,3
EMA_12,-0.0005279135616435452,1596.7047569094836,SQURPHARMA,3
Log_Returns,0.0005135018329470347,-0.0353813422873168,SQURPHARMA,3
RSI_14,-0.0004437011390636355,52.627186297989695,SQURPHARMA,3
SMA_50,-0.0003747248636196133,1648.2766,SQURPHARMA,3
SMA_5,0.0003688074709783996,1594.436,SQURPHARMA,3
SMA_100,-0.003659664815219927,1920.5491,SQURPHARMA,4
BB_Position,0.0029142999068468233,0.43938771418135,SQURPHARMA,4
MACD_Histogram,0.0009195316318711326,4.773755090249907,SQURPHARMA,4
EMA_50,0.0007357808094153458,1697.946174724814,SQURPHARMA,4
SMA_200,-0.0007079998679130825,2199.67735,SQURPHARMA,4
Volume_SMA_20,-0.0005876977426344382,538864.7,SQURPHARMA,4
EMA_12,-0.0005606170894377307,1593.7256280466836,SQURPHARMA,4
ATR_14,-0.000505093987985097,27.398571428571472,SQURPHARMA,4
SMA_5,0.0004896530708971685,1577.882,SQURPHARMA,4
Returns_20d,-0.0004322072396141637,-0.0121363588442862,SQURPHARMA,4
Volatility_30d,-0.0015380166512948264,0.573737371066943,SUMITPOWER,0
ATR_14,-0.0014758979514329048,7.984285714285717,SUMITPOWER,0
Volume_Ratio,0.0009493544383220746,1.5542772703092886,SUMITPOWER,0
RSI_14,-0.0009049984242672981,40.04887320119469,SUMITPOWER,0
EMA_26,-0.0008999193360295834,142.66829206424885,SUMITPOWER,0
Returns_20d,-0.0008836730089836299,-0.1011258955987719,SUMITPOWER,0
Volatility_60d,0.0008801547325909197,0.5211156429466383,SUMITPOWER,0
MACD,0.0006890664579570154,-3.62553868762538,SUMITPOWER,0
BB_Lower,-0.0006317755698572525,125.96200816191885,SUMITPOWER,0
SMA_200,-0.0005604044326633176,135.41254999999998,SUMITPOWER,0
Returns_5d,-0.003282444946457201,0.0792168427951176,SUMITPOWER,1
SMA_200,-0.0022986597744652513,138.37885,SUMITPOWER,1
Volume_Ratio,-0.0012566650472478913,0.4549203566834299,SUMITPOWER,1
Volatility_30d,-0.0011640711764773742,0.5498135164711395,SUMITPOWER,1
BB_Width,-0.000795640331182468,25.39204351142212,SUMITPOWER,1
Volume_SMA_20,0.0007955005069698386,358093.45,SUMITPOWER,1
EMA_50,-0.0005018313765983129,132.04688225169733,SUMITPOWER,1
BB_Position,-0.000494780328890519,0.8528664400708642,SUMITPOWER,1
Returns_1d,0.00046300279237099267,0.0534143611066688,SUMITPOWER,1
MACD,0.0003942129098196044,-3.604356975077863,SUMITPOWER,1
SMA_200,-0.0021886753271460413,143.81709999999998,SUMITPOWER,2
Volatility_60d,-0.0017167427946997067,0.4379022415033807,SUMITPOWER,2
Returns_5d,-0.0016922085043210475,0.0873504157933879,SUMITPOWER,2
BB_Position,-0.0008556882145868648,1.1115991900112454,SUMITPOWER,2
SMA_100,0.0007259917465219267,133.73770000000002,SUMITPOWER,2
BB_Width,0.000686961278426665,17.560520313642883,SUMITPOWER,2
EMA_26,0.0005751395191824245,148.2585159046203,SUMITPOWER,2
ATR_14,-0.0005318748500268463,6.51714285714286,SUMITPOWER,2
Volume_Ratio,0.00046727789432232767,0.9912043915714897,SUMITPOWER,2
MACD_Signal,0.0004300224604839367,2.5075266165850034,SUMITPOWER,2
Returns_5d,-0.0010685207777961924,0.0770825710452496,SUMITPOWER,3
Log_Returns,-0.000581222102897471,0.0369088139918411,SUMITPOWER,3
SMA_100,0.000536297075798002,96.778,SUMITPOWER,3
Returns_1d,-0.0004602433940636002,0.037598402067912,SUMITPOWER,3
Volatility_30d,-0.0004552289526200907,0.5416413263553691,SUMITPOWER,3
Volume_Ratio,-0.00036882769371760524,0.81880387288737,SUMITPOWER,3
BB_Position,-0.00034334470715383645,0.6044606667369887,SUMITPOWER,3
MACD_Signal,-0.00032971874975501047,-3.3116464429161967,SUMITPOWER,3
RSI_14,-0.00031393970532870143,48.1060606060606,SUMITPOWER,3
MACD,-0.00030795252192484846,-2.7581367861446893,SUMITPOWER,3
Returns_5d,0.0012451602436974445,0.0325183070621819,SUMITPOWER,4
Volatility_60d,0.0010523774524342619,0.5068818258594249,SUMITPOWER,4
Log_Returns,0.0007659660264611868,-0.0343822631378887,SUMITPOWER,4
BB_Width,-0.0007108567982691408,26.37030059908554,SUMITPOWER,4
SMA_100,0.0005846045128714187,97.1222,SUMITPOWER,4
Returns_20d,0.0005270086565181032,-0.1426362980521488,SUMITPOWER,4
MACD_Signal,-0.00039318375564746855,-3.4255158634316487,SUMITPOWER,4
BB_Position,-0.0003771085561401718,0.306012829441262,SUMITPOWER,4
MACD_Histogram,-0.0002689657596247055,-0.2504966382352691,SUMITPOWER,4
Volume_Ratio,-0.00024710474698608225,1.8126078076255323,SUMITPOWER,4
Volume_SMA_20,-0.000880930803439988,510313.05,TITASGAS,0
SMA_10,0.0006049121315973402,217.173,TITASGAS,0
Returns_20d,0.00039882263231761153,-0.0602836879432624,TITASGAS,0
RSI_14,0.00036530776818311086,32.795431976166824,TITASGAS,0
MACD_Signal,0.0002706907575535603,-1.4519023177931725,TITASGAS,0
EMA_50,-0.0001727809660715977,219.98604688048476,TITASGAS,0
ATR_14,-0.00013672534372309662,4.606428571428568,TITASGAS,0
Volatility_30d,-0.0001064332362677602,0.2220360160628705,TITASGAS,0
SMA_100,8.38568670738276e-05,212.1592,TITASGAS,0
BB_Position,-8.278570146106595e-05,0.2977841213352174,TITASGAS,0
EMA_50,0.0018633474652608377,236.96126030697613,TITASGAS,1
MACD_Signal,-0.0018523404974137782,0.9616248859911646,TITASGAS,1
Volatility_60d,0.00046277640646734007,0.2704378734472083,TITASGAS,1
SMA_10,0.00014046996479452297,238.897,TITASGAS,1
ATR_14,0.00012679418748876763,5.41857142857143,TITASGAS,1
Log_Returns,-0.00011073204889058083,-0.0254925245016215,TITASGAS,1
Volatility_30d,-0.00010961761179512531,0.2183901224117516,TITASGAS,1
Returns_20d,0.00010161705094413544,-0.1009405643386032,TITASGAS,1
Volume_Ratio,9.885822951822408e-05,2.7192533854446634,TITASGAS,1
SMA_50,-9.738219183921668e-05,236.9996,TITASGAS,1
MACD_Signal,0.0011154106541955934,2.197972754274783,TITASGAS,2
EMA_50,-0.0010908675913754353,224.57735317469255,TITASGAS,2
Returns_20d,-0.0006431854297106164,0.1390635580922898,TITASGAS,2
Volume_SMA_20,0.0005438512369619944,556489.0,TITASGAS,2
SMA_10,-0.00039151277643393505,230.725,TITASGAS,2
Volatility_60d,-0.00021952222558026604,0.2609789930385556,TITASGAS,2
ATR_14,-0.00013604376838889643,5.261428571428572,TITASGAS,2
SMA_50,7.670118925621607e-05,224.6562,TITASGAS,2
Volatility_30d,7.631450587962081e-05,0.2856638158257897,TITASGAS,2
BB_Position,-7.500498371192385e-05,0.8294213616409073,TITASGAS,2
EMA_50,0.0005960071975259066,165.57069448363737,TITASGAS,3
MACD_Signal,-0.0005307590352608238,0.5790693868414549,TITASGAS,3
Volume_SMA_20,0.0005093953461858857,422294.85,TITASGAS,3
SMA_10,-0.0002374785538747312,166.607,TITASGAS,3
BB_Position,0.00017588807507186807,0.5969066266384511,TITASGAS,3
Volatility_60d,0.00013468377135128322,0.2614562732501501,TITASGAS,3
Returns_20d,-0.0001284009777580788,0.034955154195847,TITASGAS,3
ATR_14,-8.12587265030416e-05,3.442142857142859,TITASGAS,3
Volatility_30d,7.389564957263433e-05,0.2697121441130387,TITASGAS,3
BB_Width,-7.202193779322615e-05,9.2305349079719,TITASGAS,3
Volume_SMA_20,0.0006622535286091779,440101.5,TITASGAS,4
Returns_20d,-0.0006067061154978826,0.0290003193867773,TITASGAS,4
BB_Position,-0.00030338568483282395,0.0375189631994077,TITASGAS,4
SMA_10,-0.00029740664432693865,167.245,TITASGAS,4
Log_Returns,-0.0001973592739309211,-0.035311776242588,TITASGAS,4
Returns_1d,-0.00012894380029295692,-0.0346955896452539,TITASGAS,4
RSI_14,-8.838030452166878e-05,33.98667189337522,TITASGAS,4
MACD_Signal,8.492578128046829e-05,0.9520043698982176,TITASGAS,4
ATR_14,-7.311069016696734e-05,3.4178571428571467,TITASGAS,4
SMA_50,3.9418447571429416e-05,165.1976,TITASGAS,4
Volatility_60d,-0.002275908504263993,0.3113605884140122,UNILEVER,0
Volatility_30d,0.0012328484359050394,0.3209319516260702,UNILEVER,0
Returns_20d,0.0008204639944279879,-0.0779856837875172,UNILEVER,0
BB_Width,0.0006729293070324008,9.084524492710926,UNILEVER,0
BB_Upper,0.0006179214359277783,79.58676224635546,UNILEVER,0
MACD_Histogram,0.0005555741660180975,0.1057975871915739,UNILEVER,0
Volume_Ratio,-0.0005053336911790048,1.5034577450084483,UNILEVER,0
SMA_200,0.0004950604844069669,83.08875,UNILEVER,0
BB_Position,-0.0003671522480983718,0.3211794132644549,UNILEVER,0
RSI_14,0.00036194368023954236,43.26047358834246,UNILEVER,0
Volume_SMA_20,-0.001106777207156272,482643.55,UNILEVER,1
MACD_Histogram,-0.0009278755285297418,0.6990007704519662,UNILEVER,1
BB_Width,0.0007725344803629125,12.905689320511556,UNILEVER,1
ATR_14,-0.0005753761166478753,2.8007142857142866,UNILEVER,1
Volatility_30d,-0.0005417391101735378,0.4178264112063747,UNILEVER,1
Volatility_60d,-0.0004372672387619396,0.413660308249017,UNILEVER,1
MACD,0.0002541243565836773,0.178734507235049,UNILEVER,1
RSI_14,0.00023988023321901676,58.29342620809752,UNILEVER,1
SMA_200,0.00019153561485068447,74.98365000000001,UNILEVER,1
MACD_Signal,0.00016513641155365365,-0.5202662632169172,UNILEVER,1
Returns_1d,0.0013993439280740926,-0.0427848101265821,UNILEVER,2
Log_Returns,0.0010065903206866577,-0.0437270540042346,UNILEVER,2
Returns_5d,-0.0007715655994245386,-0.087596525096525,UNILEVER,2
SMA_50,-0.0006602735051090031,72.9902,UNILEVER,2
MACD_Signal,-0.000541181856217255,2.5275199726790163,UNILEVER,2
Volume_Ratio,-0.0005039577464149742,1.1120074406894045,UNILEVER,2
Volatility_60d,-0.0004920463437586017,0.4160342038763536,UNILEVER,2
BB_Upper,0.0004239818121573232,87.43781198783292,UNILEVER,2
BB_Position,0.0003959229439705418,0.2868215460571961,UNILEVER,2
Returns_20d,-0.0003806823792759226,0.0351813826146476,UNILEVER,2
RSI_14,0.0007453211231904357,23.827275551413507,UNILEVER,3
Volatility_30d,0.0007432583001500678,0.4688409771015331,UNILEVER,3
Log_Returns,-0.0006793314064778688,-0.0305818513206394,UNILEVER,3
BB_Lower,0.0006564637663901731,75.98866695005282,UNILEVER,3
SMA_100,0.0005950567029549121,78.92030000000001,UNILEVER,3
MACD_Signal,-0.0005680284727347653,0.4901144459949692,UNILEVER,3
BB_Upper,0.0005623649629448807,97.7583330499472,UNILEVER,3
Volume_SMA_20,-0.0005580645379199092,532564.6,UNILEVER,3
EMA_26,0.0004357858230259834,83.9735724983025,UNILEVER,3
SMA_50,-0.0003281431997533502,81.8086,UNILEVER,3
Volatility_30d,0.00118904039685052,0.4704334519186426,UNILEVER,4
BB_Width,0.0007998143322588373,16.99700729063045,UNILEVER,4
BB_Position,0.0006796308228918563,-0.0897508795872369,UNILEVER,4
BB_Lower,0.0005766181150938472,79.88549635468476,UNILEVER,4
Volume_SMA_20,-0.0004906348591244826,534910.05,UNILEVER,4
BB_Upper,0.0004210553665878498,96.8825036453152,UNILEVER,4
EMA_26,0.00039737015026372217,85.40375727898163,UNILEVER,4
SMA_100,0.00036745150039678475,79.02199999999999,UNILEVER,4
MACD_Histogram,0.00033984283780731455,-1.7709452117499556,UNILEVER,4
Volume_Ratio,-0.0002813811073737522,0.8318669652963147,UNILEVER,4
SMA_50,-0.0015433110500570185,251.8244,WALTONHIL,0
BB_Upper,-0.0014529838868071788,247.96187070534555,WALTONHIL,0
MACD,-0.001309947354787597,-3.805036316532892,WALTONHIL,0
BB_Position,-0.0012360871461566552,0.0730898568232302,WALTONHIL,0
EMA_12,-0.000988428546785214,238.2305011425467,WALTONHIL,0
MACD_Signal,0.0007727715540409823,-4.024893558098767,WALTONHIL,0
SMA_200,0.000611338922635183,248.208,WALTONHIL,0
SMA_10,-0.0005946417467887044,238.931,WALTONHIL,0
BB_Width,-0.0005765203505770284,16.44374141069119,WALTONHIL,0
Volume_SMA_20,-0.0005050243236885626,446680.35,WALTONHIL,0
MACD_Histogram,-0.0015645662225893398,2.713244195725654,WALTONHIL,1
BB_Upper,-0.001494040561749342,364.25267130618334,WALTONHIL,1
ATR_14,0.0010898502107374905,7.6807142857143,WALTONHIL,1
SMA_50,-0.0009443684071007318,332.1212,WALTONHIL,1
Volume_Ratio,0.000939430437207655,1.438133177219478,WALTONHIL,1
Volatility_60d,0.0008075079821494834,0.2486889830202473,WALTONHIL,1
Volatility_30d,-0.0007351893002507372,0.2400852870618394,WALTONHIL,1
BB_Position,-0.0006970838687437206,1.034263421614587,WALTONHIL,1
SMA_200,0.0006552746632309636,276.5269,WALTONHIL,1
MACD_Signal,-0.0005680465561994253,5.583145794828081,WALTONHIL,1
BB_Upper,-0.0019079342874490717,334.4524873680616,WALTONHIL,2
Returns_5d,-0.0017243368850768906,0.0235940328319081,WALTONHIL,2
SMA_50,-0.0013863266062759702,302.9742,WALTONHIL,2
BB_Width,0.0011960473645525763,21.81597473612328,WALTONHIL,2
SMA_200,0.0009483610457423306,266.60375,WALTONHIL,2
Volume_Ratio,0.0008166321929832013,1.3550400060412986,WALTONHIL,2
MACD_Histogram,-0.0007251558031830595,-1.0118418126701243,WALTONHIL,2
EMA_12,-0.0006859661533928289,326.0440233636554,WALTONHIL,2
RSI_14,-0.0006705227139792648,49.73612374886264,WALTONHIL,2
BB_Position,-0.000519265465196361,0.7033143168549635,WALTONHIL,2
BB_Upper,-0.0014286995802209063,244.45330863748663,WALTONHIL,3
SMA_50,-0.0011381412616464153,235.505,WALTONHIL,3
BB_Width,0.0011211381087438501,25.113617274973308,WALTONHIL,3
EMA_12,-0.000990607233652695,227.8061745266364,WALTONHIL,3
MACD,-0.0009156129155133172,-3.507983601257365,WALTONHIL,3
SMA_200,0.0007029008012580072,207.8398,WALTONHIL,3
SMA_10,-0.0006878299886101335,228.251,WALTONHIL,3
SMA_5,-0.0005924904777137401,225.412,WALTONHIL,3
Volume_SMA_20,-0.0004758718965685212,553705.75,WALTONHIL,3
Volatility_30d,0.000448737979683154,0.2888246402486961,WALTONHIL,3
BB_Upper,-0.0020755894285249543,240.87384970520517,WALTONHIL,4
Returns_5d,-0.001533047308439913,0.0007868164532061,WALTONHIL,4
BB_Position,0.0015081081795518755,0.1294362716215868,WALTONHIL,4
SMA_50,-0.0014042956145180771,237.5402,WALTONHIL,4
EMA_12,-0.0009387299562934406,232.86227305410983,WALTONHIL,4
SMA_200,0.0009227054530211363,207.41715,WALTONHIL,4
MACD,0.000850877372986103,-1.274206589495435,WALTONHIL,4
Returns_20d,0.0008252581876750688,-0.0142512701283045,WALTONHIL,4
MACD_Signal,0.0005644497545488774,-1.0805799327507768,WALTONHIL,4
Volume_Ratio,-0.0005238558465398662,1.2137353070421395,WALTONHIL,4
